,date,open,close,high,low,volumme,Unnamed: 0.1,Unnamed: 0
0,2022-05-19 00:00:00,437.68,437.68,437.68,437.68,0,,
1,2022-05-20 00:00:00,437.18,437.18,437.18,437.18,0,,
2,2022-05-23 00:00:00,440.21,440.21,440.21,440.21,0,,
3,2022-05-24 00:00:00,435.75,435.75,435.75,435.75,0,,
4,2022-05-25 00:00:00,435.53,435.53,435.53,435.53,0,,
5,2022-05-27 00:00:00,446.83,446.83,446.83,446.83,0,,
6,2022-05-30 00:00:00,450.85,450.85,450.85,450.85,0,,
7,2022-05-31 00:00:00,450.83,450.83,450.83,450.83,0,,
8,2022-06-01 00:00:00,449.17,449.17,449.17,449.17,0,,
9,2022-06-02 00:00:00,453.38,453.38,453.38,453.38,0,,
10,2022-06-03 00:00:00,452.14,452.14,452.14,452.14,0,,
11,2022-06-07 00:00:00,452.3,452.3,452.3,452.3,0,,
12,2022-06-08 00:00:00,450.43,450.43,450.43,450.43,0,,
13,2022-06-09 00:00:00,448.36,448.36,448.36,448.36,0,,
14,2022-06-10 00:00:00,443.49,443.49,443.49,443.49,0,,
15,2022-06-13 00:00:00,436.35,436.35,436.35,436.35,0,,
16,2022-06-14 00:00:00,434.58,434.58,434.58,434.58,0,,
17,2022-06-15 00:00:00,437.86,437.86,437.86,437.86,0,,
18,2022-06-16 00:00:00,430.52,430.52,430.52,430.52,0,,
19,2022-06-17 00:00:00,433.48,433.48,433.48,433.48,0,,
20,2022-06-20 00:00:00,434.59,434.59,434.59,434.59,0,,
21,2022-06-21 00:00:00,436.41,436.41,436.41,436.41,0,,
22,2022-06-22 00:00:00,436.27,436.27,436.27,436.27,0,,
23,2022-06-24 00:00:00,445.61,445.61,445.61,445.61,0,,
24,2022-06-27 00:00:00,443.92,443.92,443.92,443.92,0,,
25,2022-06-28 00:00:00,442.39,442.39,442.39,442.39,0,,
26,2022-06-29 00:00:00,442.5,442.5,442.5,442.5,0,,
27,2022-06-30 00:00:00,442.22,442.22,442.22,442.22,0,,
28,2022-07-01 00:00:00,441.86,441.86,441.86,441.86,0,,
29,2022-07-04 00:00:00,442.27,442.27,442.27,442.27,0,,
30,2022-07-05 00:00:00,443.11,443.11,443.11,443.11,0,,
31,2022-07-06 00:00:00,447.89,447.89,447.89,447.89,0,,
32,2022-07-07 00:00:00,451.19,451.19,451.19,451.19,0,,
33,2022-07-08 00:00:00,451.02,451.02,451.02,451.02,0,,
34,2022-07-11 00:00:00,451.22,451.22,451.22,451.22,0,,
35,2022-07-12 00:00:00,451.0,451.0,451.0,451.0,0,,
36,2022-07-13 00:00:00,448.92,448.92,448.92,448.92,0,,
37,2022-07-15 00:00:00,452.43,452.43,452.43,452.43,0,,
38,2022-07-18 00:00:00,451.78,451.78,451.78,451.78,0,,
39,2022-07-19 00:00:00,457.27,457.27,457.27,457.27,0,,
40,2022-07-20 00:00:00,457.8,457.8,457.8,457.8,0,,
41,2022-07-21 00:00:00,458.9,458.9,458.9,458.9,0,,
42,2022-07-22 00:00:00,458.48,458.48,458.48,458.48,0,,
43,2022-07-25 00:00:00,456.74,456.74,456.74,456.74,0,,
44,2022-07-26 00:00:00,453.25,453.25,453.25,453.25,0,,
45,2022-07-27 00:00:00,457.52,457.52,457.52,457.52,0,,
46,2022-07-28 00:00:00,460.37,460.37,460.37,460.37,0,,
47,2022-07-29 00:00:00,462.95,462.95,462.95,462.95,0,,
48,2022-08-01 00:00:00,464.09,464.09,464.09,464.09,0,,
49,2022-08-02 00:00:00,463.32,463.32,463.32,463.32,0,,
50,2022-08-03 00:00:00,466.47,466.47,466.47,466.47,0,,
51,2022-08-04 00:00:00,466.34,466.34,466.34,466.34,0,,
52,2022-08-05 00:00:00,463.04,463.04,463.04,463.04,0,,
53,2022-08-08 00:00:00,464.17,464.17,464.17,464.17,0,,
54,2022-08-09 00:00:00,458.99,458.99,458.99,458.99,0,,
55,2022-08-10 00:00:00,462.93,462.93,462.93,462.93,0,,
56,2022-08-11 00:00:00,462.52,462.52,462.52,462.52,0,,
57,2022-08-12 00:00:00,464.26,464.26,464.26,464.26,0,,
58,2022-08-16 00:00:00,464.95,464.95,464.95,464.95,0,,
59,2022-08-17 00:00:00,463.35,463.35,463.35,463.35,0,,
60,2022-08-18 00:00:00,463.62,463.62,463.62,463.62,0,,
61,2022-08-19 00:00:00,462.72,462.72,462.72,462.72,0,,
62,2022-08-22 00:00:00,458.69,458.69,458.69,458.69,0,,
63,2022-08-23 00:00:00,457.36,457.36,457.36,457.36,0,,
64,2022-08-24 00:00:00,457.78,457.78,457.78,457.78,0,,
65,2022-08-25 00:00:00,458.72,458.72,458.72,458.72,0,,
66,2022-08-26 00:00:00,451.5,451.5,451.5,451.5,0,,
67,2022-08-29 00:00:00,449.28,449.28,449.28,449.28,0,,
68,2022-08-30 00:00:00,449.68,449.68,449.68,449.68,0,,
69,2022-08-31 00:00:00,448.77,448.77,448.77,448.77,0,,
70,2022-09-01 00:00:00,450.01,450.01,450.01,450.01,0,,
71,2022-09-02 00:00:00,449.9,449.9,449.9,449.9,0,,
72,2022-09-05 00:00:00,450.06,450.06,450.06,450.06,0,,
73,2022-09-06 00:00:00,450.41,450.41,450.41,450.41,0,,
74,2022-09-07 00:00:00,452.16,452.16,452.16,452.16,0,,
75,2022-09-08 00:00:00,454.11,454.11,454.11,454.11,0,,
76,2022-09-09 00:00:00,455.72,455.72,455.72,455.72,0,,
77,2022-09-12 00:00:00,456.23,456.23,456.23,456.23,0,,
78,2022-09-13 00:00:00,451.92,451.92,451.92,451.92,0,,
79,2022-09-14 00:00:00,455.44,455.44,455.44,455.44,0,,
80,2022-09-15 00:00:00,453.19,453.19,453.19,453.19,0,,
81,2022-09-16 00:00:00,450.05,450.05,450.05,450.05,0,,
82,2022-09-19 00:00:00,450.63,450.63,450.63,450.63,0,,
83,2022-09-20 00:00:00,449.07,449.07,449.07,449.07,0,,
84,2022-09-21 00:00:00,449.78,449.78,449.78,449.78,0,,
85,2022-09-22 00:00:00,445.37,445.37,445.37,445.37,0,,
86,2022-09-23 00:00:00,443.71,443.71,443.71,443.71,0,,
87,2022-09-26 00:00:00,442.93,442.93,442.93,442.93,0,,
88,2022-09-27 00:00:00,442.39,442.39,442.39,442.39,0,,
89,2022-09-28 00:00:00,437.85,437.85,437.85,437.85,0,,
90,2022-09-29 00:00:00,435.3,435.3,435.3,435.3,0,,
91,2022-09-30 00:00:00,433.52,433.52,433.52,433.52,0,,
92,2022-10-03 00:00:00,436.01,436.01,436.01,436.01,0,,
93,2022-10-04 00:00:00,437.1,437.1,437.1,437.1,0,,
94,2022-10-05 00:00:00,436.37,436.37,436.37,436.37,0,,
95,2022-10-06 00:00:00,434.91,434.91,434.91,434.91,0,,
96,2022-10-07 00:00:00,432.6,432.6,432.6,432.6,0,,
97,2022-10-10 00:00:00,433.3,433.3,433.3,433.3,0,,
98,2022-10-11 00:00:00,432.44,432.44,432.44,432.44,0,,
99,2022-10-12 00:00:00,431.19,431.19,431.19,431.19,0,,
100,2022-10-13 00:00:00,432.05,432.05,432.05,432.05,0,,
101,2022-10-14 00:00:00,431.59,431.59,431.59,431.59,0,,
102,2022-10-17 00:00:00,433.73,433.73,433.73,433.73,0,,
103,2022-10-18 00:00:00,433.74,433.74,433.74,433.74,0,,
104,2022-10-19 00:00:00,432.58,432.58,432.58,432.58,0,,
105,2022-10-20 00:00:00,433.19,433.19,433.19,433.19,0,,
106,2022-10-21 00:00:00,430.93,430.93,430.93,430.93,0,,
107,2022-10-24 00:00:00,430.22,430.22,430.22,430.22,0,,
108,2022-10-25 00:00:00,431.89,431.89,431.89,431.89,0,,
109,2022-10-26 00:00:00,432.32,432.32,432.32,432.32,0,,
110,2022-10-27 00:00:00,431.15,431.15,431.15,431.15,0,,
111,2022-10-28 00:00:00,430.5,430.5,430.5,430.5,0,,
112,2022-10-31 00:00:00,430.47,430.47,430.47,430.47,0,,
113,2022-11-02 00:00:00,428.62,428.62,428.62,428.62,0,,
114,2022-11-03 00:00:00,428.27,428.27,428.27,428.27,0,,
115,2022-11-04 00:00:00,431.64,431.64,431.64,431.64,0,,
116,2022-11-07 00:00:00,430.26,430.26,430.26,430.26,0,,
117,2022-11-08 00:00:00,433.04,433.04,433.04,433.04,0,,
118,2022-11-09 00:00:00,432.98,432.98,432.98,432.98,0,,
119,2022-11-10 00:00:00,438.16,438.16,438.16,438.16,0,,
120,2022-11-14 00:00:00,438.83,438.83,438.83,438.83,0,,
121,2022-11-15 00:00:00,439.07,439.07,439.07,439.07,0,,
122,2022-11-16 00:00:00,438.03,438.03,438.03,438.03,0,,
123,2022-11-17 00:00:00,436.31,436.31,436.31,436.31,0,,
124,2022-11-18 00:00:00,438.57,438.57,438.57,438.57,0,,
125,2022-11-21 00:00:00,438.9,438.9,438.9,438.9,0,,
126,2022-11-22 00:00:00,438.71,438.71,438.71,438.71,0,,
127,2022-11-23 00:00:00,439.84,439.84,439.84,439.84,0,,
128,2022-11-24 00:00:00,440.19,440.19,440.19,440.19,0,,
129,2022-11-25 00:00:00,439.16,439.16,439.16,439.16,0,,
130,2022-11-28 00:00:00,439.08,439.08,439.08,439.08,0,,
131,2022-11-29 00:00:00,438.07,438.07,438.07,438.07,0,,
132,2022-11-30 00:00:00,444.32,444.32,444.32,444.32,0,,
133,2022-12-01 00:00:00,442.1,442.1,442.1,442.1,0,,
134,2022-12-02 00:00:00,443.73,443.73,443.73,443.73,0,,
135,2022-12-05 00:00:00,441.28,441.28,441.28,441.28,0,,
136,2022-12-06 00:00:00,440.01,440.01,440.01,440.01,0,,
137,2022-12-07 00:00:00,439.22,439.22,439.22,439.22,0,,
138,2022-12-08 00:00:00,439.41,439.41,439.41,439.41,0,,
139,2022-12-09 00:00:00,439.23,439.23,439.23,439.23,0,,
140,2022-12-12 00:00:00,438.81,438.81,438.81,438.81,0,,
141,2022-12-13 00:00:00,439.59,439.59,439.59,439.59,0,,
142,2022-12-14 00:00:00,439.13,439.13,439.13,439.13,0,,
143,2022-12-15 00:00:00,432.51,432.51,432.51,432.51,0,,
144,2022-12-16 00:00:00,429.86,429.86,429.86,429.86,0,,
145,2022-12-19 00:00:00,428.8,428.8,428.8,428.8,0,,
146,2022-12-20 00:00:00,428.24,428.24,428.24,428.24,0,,
147,2022-12-21 00:00:00,431.93,431.93,431.93,431.93,0,,
148,2022-12-22 00:00:00,428.91,428.91,428.91,428.91,0,,
149,2022-12-23 00:00:00,428.04,428.04,428.04,428.04,0,,
150,2022-12-27 00:00:00,429.92,429.92,429.92,429.92,0,,
151,2022-12-28 00:00:00,429.28,429.28,429.28,429.28,0,,
152,2022-12-29 00:00:00,431.59,431.59,431.59,431.59,0,,
153,2022-12-30 00:00:00,429.91,429.91,429.91,429.91,0,,
154,2023-01-02 00:00:00,431.89,431.89,431.89,431.89,0,,
155,2023-01-03 00:00:00,434.46,434.46,434.46,434.46,0,,
156,2023-01-04 00:00:00,440.7,440.7,440.7,440.7,0,,
157,2023-01-05 00:00:00,442.78,442.78,442.78,442.78,0,,
158,2023-01-06 00:00:00,449.09,449.09,449.09,449.09,0,,
159,2023-01-09 00:00:00,447.76,447.76,447.76,447.76,0,,
160,2023-01-10 00:00:00,448.1,448.1,448.1,448.1,0,,
161,2023-01-11 00:00:00,449.88,449.88,449.88,449.88,0,,
162,2023-01-12 00:00:00,451.12,451.12,451.12,451.12,0,,
163,2023-01-13 00:00:00,453.08,453.08,453.08,453.08,0,,
164,2023-01-16 00:00:00,454.08,454.08,454.08,454.08,0,,
165,2023-01-17 00:00:00,453.11,453.11,453.11,453.11,0,,
166,2023-01-18 00:00:00,451.7,451.7,451.7,451.7,0,,
167,2023-01-20 00:00:00,451.19,451.19,451.19,451.19,0,,
168,2023-01-23 00:00:00,452.85,452.85,452.85,452.85,0,,
169,2023-01-24 00:00:00,454.76,454.76,454.76,454.76,0,,
170,2023-01-25 00:00:00,454.99,454.99,454.99,454.99,0,,
171,2023-01-26 00:00:00,457.41,457.41,457.41,457.41,0,,
172,2023-01-27 00:00:00,457.37,457.37,457.37,457.37,0,,
173,2023-01-30 00:00:00,457.28,457.28,457.28,457.28,0,,
174,2023-01-31 00:00:00,458.05,458.05,458.05,458.05,0,,
175,2023-02-01 00:00:00,460.23,460.23,460.23,460.23,0,,
176,2023-02-02 00:00:00,463.81,463.81,463.81,463.81,0,,
177,2023-02-03 00:00:00,461.77,461.77,461.77,461.77,0,,
178,2023-02-06 00:00:00,457.51,457.51,457.51,457.51,0,,
179,2023-02-07 00:00:00,459.36,459.36,459.36,459.36,0,,
180,2023-02-08 00:00:00,461.05,461.05,461.05,461.05,0,,
181,2023-02-09 00:00:00,463.53,463.53,463.53,463.53,0,,
182,2023-02-10 00:00:00,459.72,459.72,459.72,459.72,0,,
183,2023-02-13 00:00:00,463.35,463.35,463.35,463.35,0,,
184,2023-02-14 00:00:00,463.07,463.07,463.07,463.07,0,,
185,2023-02-15 00:00:00,463.57,463.57,463.57,463.57,0,,
186,2023-02-16 00:00:00,467.49,467.49,467.49,467.49,0,,
187,2023-02-17 00:00:00,466.95,466.95,466.95,466.95,0,,
188,2023-02-20 00:00:00,465.45,465.45,465.45,465.45,0,,
189,2023-02-21 00:00:00,464.39,464.39,464.39,464.39,0,,
190,2023-02-22 00:00:00,461.63,461.63,461.63,461.63,0,,
191,2023-02-23 00:00:00,460.61,460.61,460.61,460.61,0,,
192,2023-02-24 00:00:00,457.52,457.52,457.52,457.52,0,,
193,2023-02-27 00:00:00,462.02,462.02,462.02,462.02,0,,
194,2023-02-28 00:00:00,465.96,465.96,465.96,465.96,0,,
195,2023-03-01 00:00:00,462.65,462.65,462.65,462.65,0,,
196,2023-03-02 00:00:00,463.24,463.24,463.24,463.24,0,,
197,2023-03-03 00:00:00,466.86,466.86,466.86,466.86,0,,
198,2023-03-06 00:00:00,468.88,468.88,468.88,468.88,0,,
199,2023-03-07 00:00:00,465.4,465.4,465.4,465.4,0,,
200,2023-03-08 00:00:00,463.72,463.72,463.72,463.72,0,,
201,2023-03-09 00:00:00,461.55,461.55,461.55,461.55,0,,
202,2023-03-10 00:00:00,455.53,455.53,455.53,455.53,0,,
203,2023-03-13 00:00:00,448.18,448.18,448.18,448.18,0,,
204,2023-03-14 00:00:00,451.7,451.7,451.7,451.7,0,,
205,2023-03-15 00:00:00,444.18,444.18,444.18,444.18,0,,
206,2023-03-16 00:00:00,445.8,445.8,445.8,445.8,0,,
207,2023-03-17 00:00:00,442.64,442.64,442.64,442.64,0,,
208,2023-03-20 00:00:00,445.01,445.01,445.01,445.01,0,,
209,2023-03-21 00:00:00,448.79,448.79,448.79,448.79,0,,
210,2023-03-22 00:00:00,448.95,448.95,448.95,448.95,0,,
211,2023-03-23 00:00:00,449.22,449.22,449.22,449.22,0,,
212,2023-03-24 00:00:00,446.43,446.43,446.43,446.43,0,,
213,2023-03-27 00:00:00,447.88,447.88,447.88,447.88,0,,
214,2023-03-28 00:00:00,448.1,448.1,448.1,448.1,0,,
215,2023-03-29 00:00:00,448.95,448.95,448.95,448.95,0,,
216,2023-03-30 00:00:00,452.3,452.3,452.3,452.3,0,,
217,2023-03-31 00:00:00,454.99,454.99,454.99,454.99,0,,
218,2023-04-03 00:00:00,452.36,452.36,452.36,452.36,0,,
219,2023-04-04 00:00:00,452.24,452.24,452.24,452.24,0,,
220,2023-04-05 00:00:00,450.75,450.75,450.75,450.75,0,,
221,2023-04-06 00:00:00,450.27,450.27,450.27,450.27,0,,
222,2023-04-11 00:00:00,451.53,451.53,451.53,451.53,0,,
223,2023-04-12 00:00:00,451.18,451.18,451.18,451.18,0,,
224,2023-04-13 00:00:00,454.26,454.26,454.26,454.26,0,,
225,2023-04-14 00:00:00,457.05,457.05,457.05,457.05,0,,
226,2023-04-17 00:00:00,455.28,455.28,455.28,455.28,0,,
227,2023-04-18 00:00:00,457.23,457.23,457.23,457.23,0,,
228,2023-04-19 00:00:00,457.4,457.4,457.4,457.4,0,,
229,2023-04-20 00:00:00,457.08,457.08,457.08,457.08,0,,
230,2023-04-21 00:00:00,458.43,458.43,458.43,458.43,0,,
231,2023-04-24 00:00:00,459.45,459.45,459.45,459.45,0,,
232,2023-04-25 00:00:00,457.56,457.56,457.56,457.56,0,,
233,2023-04-26 00:00:00,453.38,453.38,453.38,453.38,0,,
234,2023-04-27 00:00:00,453.01,453.01,453.01,453.01,0,,
235,2023-04-28 00:00:00,453.43,453.43,453.43,453.43,0,,
236,2023-05-02 00:00:00,452.24,452.24,452.24,452.24,0,,
237,2023-05-03 00:00:00,449.08,449.08,449.08,449.08,0,,
238,2023-05-04 00:00:00,446.51,446.51,446.51,446.51,0,,
239,2023-05-05 00:00:00,448.62,448.62,448.62,448.62,0,,
240,2023-05-10 00:00:00,448.44,448.44,448.44,448.44,0,,
241,2023-05-11 00:00:00,451.06,451.06,451.06,451.06,0,,
242,2023-05-12 00:00:00,452.18,452.18,452.18,452.18,0,,
243,2023-05-15 00:00:00,452.87,452.87,452.87,452.87,0,,
244,2023-05-16 00:00:00,448.89,448.89,448.89,448.89,0,,
245,2023-05-17 00:00:00,448.28,448.28,448.28,448.28,0,,
246,2023-05-19 00:00:00,447.76,447.76,447.76,447.76,0,,
247,2023-05-22 00:00:00,447.26,447.26,447.26,447.26,0,,
248,2023-05-23 00:00:00,443.2,443.2,443.2,443.2,0,,
249,2023-05-24 00:00:00,440.08,440.08,440.08,440.08,0,,
250,2023-05-25 00:00:00,440.45,440.45,440.45,440.45,0,,
251,2023-05-26 00:00:00,441.93,441.93,441.93,441.93,0,,
252,2023-05-30 00:00:00,441.04,441.04,441.04,441.04,0,,
253,2023-05-31 00:00:00,437.85,437.85,437.85,437.85,0,,
254,2023-06-01 00:00:00,437.83,437.83,437.83,437.83,0,,
255,2023-06-02 00:00:00,441.79,441.79,441.79,441.79,0,,
256,2023-06-05 00:00:00,440.6,440.6,440.6,440.6,0,,
257,2023-06-06 00:00:00,439.53,439.53,439.53,439.53,0,,
258,2023-06-07 00:00:00,440.27,440.27,440.27,440.27,0,,
259,2023-06-08 00:00:00,438.87,438.87,438.87,438.87,0,,
260,2023-06-09 00:00:00,438.63,438.63,438.63,438.63,0,,
261,2023-06-12 00:00:00,438.85,438.85,438.85,438.85,0,,
262,2023-06-13 00:00:00,440.25,440.25,440.25,440.25,0,,
263,2023-06-14 00:00:00,441.21,441.21,441.21,441.21,0,,
264,2023-06-15 00:00:00,438.89,438.89,438.89,438.89,0,,
265,2023-06-16 00:00:00,442.89,442.89,442.89,442.89,0,,
266,2023-06-19 00:00:00,441.06,441.06,441.06,441.06,0,,
267,2023-06-21 00:00:00,438.68,438.68,438.68,438.68,0,,
268,2023-06-22 00:00:00,437.98,437.98,437.98,437.98,0,,
269,2023-06-26 00:00:00,436.92,436.92,436.92,436.92,0,,
270,2023-06-27 00:00:00,436.34,436.34,436.34,436.34,0,,
271,2023-06-28 00:00:00,437.96,437.96,437.96,437.96,0,,
272,2023-06-29 00:00:00,438.43,438.43,438.43,438.43,0,,
273,2023-06-30 00:00:00,440.53,440.53,440.53,440.53,0,,
274,2023-07-03 00:00:00,438.87,438.87,438.87,438.87,0,,
275,2023-07-04 00:00:00,439.86,439.86,439.86,439.86,0,,
276,2023-07-05 00:00:00,438.33,438.33,438.33,438.33,0,,
277,2023-07-06 00:00:00,432.55,432.55,432.55,432.55,0,,
278,2023-07-07 00:00:00,433.65,433.65,433.65,433.65,0,,
279,2023-07-10 00:00:00,435.53,435.53,435.53,435.53,0,,
280,2023-07-11 00:00:00,439.94,439.94,439.94,439.94,0,,
281,2023-07-12 00:00:00,443.42,443.42,443.42,443.42,0,,
282,2023-07-13 00:00:00,443.79,443.79,443.79,443.79,0,,
283,2023-07-17 00:00:00,441.98,441.98,441.98,441.98,0,,
284,2023-07-18 00:00:00,442.93,442.93,442.93,442.93,0,,
285,2023-07-19 00:00:00,443.81,443.81,443.81,443.81,0,,
286,2023-07-20 00:00:00,444.09,444.09,444.09,444.09,0,,
287,2023-07-21 00:00:00,444.86,444.86,444.86,444.86,0,,
288,2023-07-24 00:00:00,443.35,443.35,443.35,443.35,0,,
289,2023-07-25 00:00:00,443.34,443.34,443.34,443.34,0,,
290,2023-07-26 00:00:00,440.99,440.99,440.99,440.99,0,,
291,2023-07-27 00:00:00,443.26,443.26,443.26,443.26,0,,
292,2023-07-28 00:00:00,445.84,445.84,445.84,445.84,0,,
293,2023-07-31 00:00:00,447.0,447.0,447.0,447.0,0,,
294,2023-08-01 00:00:00,444.42,444.42,444.42,444.42,0,,
295,2023-08-02 00:00:00,440.8,440.8,440.8,440.8,0,,
296,2023-08-03 00:00:00,441.12,441.12,441.12,441.12,0,,
297,2023-08-04 00:00:00,441.6,441.6,441.6,441.6,0,,
298,2023-08-07 00:00:00,442.24,442.24,442.24,442.24,0,,
299,2023-08-08 00:00:00,440.84,440.84,440.84,440.84,0,,
300,2023-08-09 00:00:00,440.8,440.8,440.8,440.8,0,,
301,2023-08-10 00:00:00,443.2,443.2,443.2,443.2,0,,
302,2023-08-11 00:00:00,442.25,442.25,442.25,442.25,0,,
303,2023-08-14 00:00:00,443.59,443.59,443.59,443.59,0,,
304,2023-08-16 00:00:00,445.67,445.67,445.67,445.67,0,,
305,2023-08-17 00:00:00,444.55,444.55,444.55,444.55,0,,
306,2023-08-18 00:00:00,442.25,442.25,442.25,442.25,0,,
307,2023-08-21 00:00:00,443.32,443.32,443.32,443.32,0,,
308,2023-08-22 00:00:00,442.8,442.8,442.8,442.8,0,,
309,2023-08-23 00:00:00,441.75,441.75,441.75,441.75,0,,
310,2023-08-24 00:00:00,444.13,444.13,444.13,444.13,0,,
311,2023-08-25 00:00:00,443.46,443.46,443.46,443.46,0,,
312,2023-08-28 00:00:00,446.84,446.84,446.84,446.84,0,,
313,2023-08-29 00:00:00,449.29,449.29,449.29,449.29,0,,
314,2023-08-30 00:00:00,449.63,449.63,449.63,449.63,0,,
315,2023-08-31 00:00:00,451.43,451.43,451.43,451.43,0,,
316,2023-09-01 00:00:00,451.51,451.51,451.51,451.51,0,,
317,2023-09-04 00:00:00,452.37,452.37,452.37,452.37,0,,
318,2023-09-05 00:00:00,451.2,451.2,451.2,451.2,0,,
319,2023-09-06 00:00:00,446.61,446.61,446.61,446.61,0,,
320,2023-09-07 00:00:00,445.36,445.36,445.36,445.36,0,,
321,2023-09-08 00:00:00,446.69,446.69,446.69,446.69,0,,
322,2023-09-11 00:00:00,447.74,447.74,447.74,447.74,0,,
323,2023-09-12 00:00:00,448.01,448.01,448.01,448.01,0,,
324,2023-09-13 00:00:00,447.76,447.76,447.76,447.76,0,,
325,2023-09-14 00:00:00,450.64,450.64,450.64,450.64,0,,
326,2023-09-15 00:00:00,451.19,451.19,451.19,451.19,0,,
327,2023-09-18 00:00:00,448.63,448.63,448.63,448.63,0,,
328,2023-09-19 00:00:00,446.65,446.65,446.65,446.65,0,,
329,2023-09-20 00:00:00,447.79,447.79,447.79,447.79,0,,
330,2023-09-21 00:00:00,444.62,444.62,444.62,444.62,0,,
331,2023-09-22 00:00:00,444.5,444.5,444.5,444.5,0,,
332,2023-09-25 00:00:00,441.45,441.45,441.45,441.45,0,,
333,2023-09-26 00:00:00,439.33,439.33,439.33,439.33,0,,
334,2023-09-27 00:00:00,439.36,439.36,439.36,439.36,0,,
335,2023-09-28 00:00:00,439.6,439.6,439.6,439.6,0,,
336,2023-09-29 00:00:00,441.41,441.41,441.41,441.41,0,,
337,2023-10-02 00:00:00,440.4,440.4,440.4,440.4,0,,
338,2023-10-03 00:00:00,436.94,436.94,436.94,436.94,0,,
339,2023-10-04 00:00:00,436.09,436.09,436.09,436.09,0,,
340,2023-10-05 00:00:00,435.21,435.21,435.21,435.21,0,,
341,2023-10-06 00:00:00,437.67,437.67,437.67,437.67,0,,
342,2023-10-09 00:00:00,436.83,436.83,436.83,436.83,0,,
343,2023-10-10 00:00:00,440.58,440.58,440.58,440.58,0,,
344,2023-10-11 00:00:00,438.67,438.67,438.67,438.67,0,,
345,2023-10-12 00:00:00,437.04,437.04,437.04,437.04,0,,
346,2023-10-13 00:00:00,433.31,433.31,433.31,433.31,0,,
347,2023-10-16 00:00:00,435.06,435.06,435.06,435.06,0,,
348,2023-10-17 00:00:00,435.66,435.66,435.66,435.66,0,,
349,2023-10-18 00:00:00,431.88,431.88,431.88,431.88,0,,
350,2023-10-19 00:00:00,430.56,430.56,430.56,430.56,0,,
351,2023-10-20 00:00:00,427.29,427.29,427.29,427.29,0,,
352,2023-10-23 00:00:00,428.46,428.46,428.46,428.46,0,,
353,2023-10-24 00:00:00,430.11,430.11,430.11,430.11,0,,
354,2023-10-25 00:00:00,428.53,428.53,428.53,428.53,0,,
355,2023-10-26 00:00:00,428.07,428.07,428.07,428.07,0,,
356,2023-10-27 00:00:00,427.85,427.85,427.85,427.85,0,,
357,2023-10-30 00:00:00,428.96,428.96,428.96,428.96,0,,
358,2023-10-31 00:00:00,429.35,429.35,429.35,429.35,0,,
359,2023-11-02 00:00:00,433.81,433.81,433.81,433.81,0,,
360,2023-11-03 00:00:00,435.43,435.43,435.43,435.43,0,,
361,2023-11-06 00:00:00,435.78,435.78,435.78,435.78,0,,
362,2023-11-07 00:00:00,437.03,437.03,437.03,437.03,0,,
363,2023-11-08 00:00:00,438.78,438.78,438.78,438.78,0,,
364,2023-11-09 00:00:00,440.96,440.96,440.96,440.96,0,,
365,2023-11-10 00:00:00,439.08,439.08,439.08,439.08,0,,
366,2023-11-13 00:00:00,439.54,439.54,439.54,439.54,0,,
367,2023-11-14 00:00:00,444.92,444.92,444.92,444.92,0,,
368,2023-11-15 00:00:00,447.23,447.23,447.23,447.23,0,,
369,2023-11-16 00:00:00,444.0,444.0,444.0,444.0,0,,
370,2023-11-17 00:00:00,447.07,447.07,447.07,447.07,0,,
371,2023-11-20 00:00:00,448.05,448.05,448.05,448.05,0,,
372,2023-11-21 00:00:00,448.21,448.21,448.21,448.21,0,,
373,2023-11-22 00:00:00,451.65,451.65,451.65,451.65,0,,
374,2023-11-23 00:00:00,451.41,451.41,451.41,451.41,0,,
375,2023-11-24 00:00:00,451.86,451.86,451.86,451.86,0,,
376,2023-11-27 00:00:00,450.3,450.3,450.3,450.3,0,,
377,2023-11-28 00:00:00,450.05,450.05,450.05,450.05,0,,
378,2023-11-29 00:00:00,453.67,453.67,453.67,453.67,0,,
379,2023-11-30 00:00:00,456.77,456.77,456.77,456.77,0,,
380,2023-12-01 00:00:00,461.63,461.63,461.63,461.63,0,,
381,2023-12-04 00:00:00,461.38,461.38,461.38,461.38,0,,
382,2023-12-05 00:00:00,461.3,461.3,461.3,461.3,0,,
383,2023-12-06 00:00:00,463.89,463.89,463.89,463.89,0,,
384,2023-12-07 00:00:00,463.79,463.79,463.79,463.79,0,,
385,2023-12-08 00:00:00,466.23,466.23,466.23,466.23,0,,
386,2023-12-11 00:00:00,468.1,468.1,468.1,468.1,0,,
387,2023-12-12 00:00:00,469.17,469.17,469.17,469.17,0,,
388,2023-12-13 00:00:00,468.2,468.2,468.2,468.2,0,,
389,2023-12-14 00:00:00,473.72,473.72,473.72,473.72,0,,
390,2023-12-15 00:00:00,471.88,471.88,471.88,471.88,0,,
391,2023-12-18 00:00:00,470.84,470.84,470.84,470.84,0,,
392,2023-12-19 00:00:00,474.45,474.45,474.45,474.45,0,,
393,2023-12-20 00:00:00,473.07,473.07,473.07,473.07,0,,
394,2023-12-21 00:00:00,474.52,474.52,474.52,474.52,0,,
395,2023-12-22 00:00:00,472.33,472.33,472.33,472.33,0,,
396,2023-12-27 00:00:00,474.33,474.33,474.33,474.33,0,,
397,2023-12-28 00:00:00,472.81,472.81,472.81,472.81,0,,
398,2023-12-29 00:00:00,472.64,472.64,472.64,472.64,0,,
399,2024-01-02 00:00:00,466.61,466.61,466.61,466.61,0,,
400,2024-01-03 00:00:00,461.09,461.09,461.09,461.09,0,,
401,2024-01-04 00:00:00,456.62,456.62,456.62,456.62,0,,
402,2024-01-05 00:00:00,456.27,456.27,456.27,456.27,0,,
403,2024-01-08 00:00:00,461.78,461.78,461.78,461.78,0,,
404,2024-01-09 00:00:00,460.67,460.67,460.67,460.67,0,,
405,2024-01-10 00:00:00,462.35,462.35,462.35,462.35,0,,
406,2024-01-11 00:00:00,460.98,460.98,460.98,460.98,0,,
407,2024-01-12 00:00:00,464.19,464.19,464.19,464.19,0,,
408,2024-01-15 00:00:00,462.45,462.45,462.45,462.45,0,,
409,2024-01-16 00:00:00,460.69,460.69,460.69,460.69,0,,
410,2024-01-17 00:00:00,459.16,459.16,459.16,459.16,0,,
411,2024-01-18 00:00:00,463.69,463.69,463.69,463.69,0,,
412,2024-01-19 00:00:00,466.37,466.37,466.37,466.37,0,,
413,2024-01-22 00:00:00,468.76,468.76,468.76,468.76,0,,
414,2024-01-23 00:00:00,468.2,468.2,468.2,468.2,0,,
415,2024-01-24 00:00:00,471.23,471.23,471.23,471.23,0,,
416,2024-01-25 00:00:00,472.72,472.72,472.72,472.72,0,,
417,2024-01-26 00:00:00,473.22,473.22,473.22,473.22,0,,
418,2024-01-29 00:00:00,477.02,477.02,477.02,477.02,0,,
419,2024-01-30 00:00:00,478.16,478.16,478.16,478.16,0,,
420,2024-01-31 00:00:00,472.42,472.42,472.42,472.42,0,,
421,2024-02-01 00:00:00,473.95,473.95,473.95,473.95,0,,
422,2024-02-02 00:00:00,480.53,480.53,480.53,480.53,0,,
423,2024-02-05 00:00:00,480.44,480.44,480.44,480.44,0,,
424,2024-02-06 00:00:00,478.34,478.34,478.34,478.34,0,,
425,2024-02-07 00:00:00,480.28,480.28,480.28,480.28,0,,
426,2024-02-08 00:00:00,481.75,481.75,481.75,481.75,0,,
427,2024-02-09 00:00:00,483.84,483.84,483.84,483.84,0,,
428,2024-02-12 00:00:00,483.69,483.69,483.69,483.69,0,,
429,2024-02-13 00:00:00,478.5,478.5,478.5,478.5,0,,
430,2024-02-14 00:00:00,484.42,484.42,484.42,484.42,0,,
431,2024-02-15 00:00:00,485.26,485.26,485.26,485.26,0,,
432,2024-02-16 00:00:00,486.01,486.01,486.01,486.01,0,,
433,2024-02-19 00:00:00,486.19,486.19,486.19,486.19,0,,
434,2024-02-20 00:00:00,484.4,484.4,484.4,484.4,0,,
435,2024-02-21 00:00:00,484.02,484.02,484.02,484.02,0,,
436,2024-02-22 00:00:00,492.34,492.34,492.34,492.34,0,,
437,2024-02-23 00:00:00,492.88,492.88,492.88,492.88,0,,
438,2024-02-26 00:00:00,493.19,493.19,493.19,493.19,0,,
439,2024-02-27 00:00:00,493.31,493.31,493.31,493.31,0,,
440,2024-02-28 00:00:00,493.4,493.4,493.4,493.4,0,,
441,2024-02-29 00:00:00,495.5,495.5,495.5,495.5,0,,
442,2024-03-01 00:00:00,500.6,500.6,500.6,500.6,0,,
443,2024-03-04 00:00:00,501.88,501.88,501.88,501.88,0,,
444,2024-03-05 00:00:00,497.79,497.79,497.79,497.79,0,,
445,2024-03-06 00:00:00,499.89,499.89,499.89,499.89,0,,
446,2024-03-07 00:00:00,502.48,502.48,502.48,502.48,0,,
447,2024-03-08 00:00:00,499.92,499.92,499.92,499.92,0,,
448,2024-03-11 00:00:00,497.04,497.04,497.04,497.04,0,,
449,2024-03-12 00:00:00,504.16,504.16,504.16,504.16,0,,
450,2024-03-13 00:00:00,504.62,504.62,504.62,504.62,0,,
451,2024-03-14 00:00:00,504.35,504.35,504.35,504.35,0,,
452,2024-03-15 00:00:00,500.41,500.41,500.41,500.41,0,,
453,2024-03-18 00:00:00,502.03,502.03,502.03,502.03,0,,
454,2024-03-19 00:00:00,504.01,504.01,504.01,504.01,0,,
455,2024-03-20 00:00:00,506.83,506.83,506.83,506.83,0,,
456,2024-03-21 00:00:00,510.21,510.21,510.21,510.21,0,,
457,2024-03-22 00:00:00,509.69,509.69,509.69,509.69,0,,
458,2024-03-25 00:00:00,508.79,508.79,508.79,508.79,0,,
459,2024-03-26 00:00:00,510.14,510.14,510.14,510.14,0,,
460,2024-03-27 00:00:00,510.77,510.77,510.77,510.77,0,,
461,2024-03-28 00:00:00,512.17,512.17,512.17,512.17,0,,
462,2024-04-02 00:00:00,508.27,508.27,508.27,508.27,0,,
463,2024-04-03 00:00:00,508.74,508.74,508.74,508.74,0,,
464,2024-04-04 00:00:00,505.57,505.57,505.57,505.57,0,,
465,2024-04-05 00:00:00,507.11,507.11,507.11,507.11,0,,
466,2024-04-08 00:00:00,507.99,507.99,507.99,507.99,0,,
467,2024-04-09 00:00:00,505.52,505.52,505.52,505.52,0,,
468,2024-04-10 00:00:00,503.38,503.38,503.38,503.38,0,,
469,2024-04-11 00:00:00,503.93,503.93,503.93,503.93,0,,
470,2024-04-12 00:00:00,499.0,499.0,499.0,499.0,0,,
471,2024-04-15 00:00:00,496.52,496.52,496.52,496.52,0,,
472,2024-04-16 00:00:00,493.59,493.59,493.59,493.59,0,,
473,2024-04-17 00:00:00,491.29,491.29,491.29,491.29,0,,
474,2024-04-18 00:00:00,491.0,491.0,491.0,491.0,0,,
475,2024-04-19 00:00:00,483.5,483.5,483.5,483.5,0,,
476,2024-04-22 00:00:00,485.48,485.48,485.48,485.48,0,,
477,2024-04-23 00:00:00,493.57,493.57,493.57,493.57,0,,
478,2024-04-24 00:00:00,490.6,490.6,490.6,490.6,0,,
479,2024-04-25 00:00:00,485.95,485.95,485.95,485.95,0,,
480,2024-04-26 00:00:00,492.29,492.29,492.29,492.29,0,,
481,2024-04-29 00:00:00,491.16,491.16,491.16,491.16,0,,
482,2024-04-30 00:00:00,486.54,486.54,486.54,486.54,0,,
483,2024-05-02 00:00:00,485.91,485.91,485.91,485.91,0,,
484,2024-05-03 00:00:00,490.28,490.28,490.28,490.28,0,,
485,2024-05-06 00:00:00,494.03,494.03,494.03,494.03,0,,
486,2024-05-07 00:00:00,497.02,497.02,497.02,497.02,0,,
487,2024-05-10 00:00:00,501.78,501.78,501.78,501.78,0,,
488,2024-05-13 00:00:00,501.2,501.2,501.2,501.2,0,,
489,2024-05-14 00:00:00,500.28,500.28,500.28,500.28,0,,
490,2024-05-15 00:00:00,507.31,507.31,507.31,507.31,0,,
491,2024-05-16 00:00:00,504.9,504.9,504.9,504.9,0,,
492,2024-05-17 00:00:00,504.39,504.39,504.39,504.39,0,,
493,2024-05-21 00:00:00,506.99,506.99,506.99,506.99,0,,
494,2024-05-22 00:00:00,506.87,506.87,506.87,506.87,0,,
495,2024-05-23 00:00:00,508.83,508.83,508.83,508.83,0,,
496,2024-05-24 00:00:00,510.47,510.47,510.47,510.47,0,,
497,2024-05-27 00:00:00,512.43,512.43,512.43,512.43,0,,
498,2024-05-28 00:00:00,511.16,511.16,511.16,511.16,0,,
499,2024-05-29 00:00:00,506.29,506.29,506.29,506.29,0,,
500,2024-05-30 00:00:00,505.59,505.59,505.59,505.59,0,,
501,2024-05-31 00:00:00,503.33,503.33,503.33,503.33,0,,
502,2024-06-03 00:00:00,503.1,503.1,503.1,503.1,0,,
503,2024-06-04 00:00:00,500.25,500.25,500.25,500.25,0,,
504,2024-06-05 00:00:00,505.03,505.03,505.03,505.03,0,,
505,2024-06-06 00:00:00,504.99,504.99,504.99,504.99,0,,
506,2024-06-07 00:00:00,503.99,503.99,503.99,503.99,0,,
507,2024-06-10 00:00:00,503.92,503.92,503.92,503.92,0,,
508,2024-06-11 00:00:00,502.06,502.06,502.06,502.06,0,,
509,2024-06-12 00:00:00,506.92,506.92,506.92,506.92,0,,
510,2024-06-13 00:00:00,502.7,502.7,502.7,502.7,0,,
511,2024-06-14 00:00:00,500.8,500.8,500.8,500.8,0,,
512,2024-06-17 00:00:00,504.58,504.58,504.58,504.58,0,,
513,2024-06-18 00:00:00,506.57,506.57,506.57,506.57,0,,
514,2024-06-19 00:00:00,505.94,505.94,505.94,505.94,0,,
515,2024-06-20 00:00:00,506.98,506.98,506.98,506.98,0,,
516,2024-06-21 00:00:00,504.24,504.24,504.24,504.24,0,,
517,2024-06-24 00:00:00,504.18,504.18,504.18,504.18,0,,
518,2024-06-25 00:00:00,504.6,504.6,504.6,504.6,0,,
519,2024-06-26 00:00:00,502.36,502.36,502.36,502.36,0,,
520,2024-06-27 00:00:00,502.87,502.87,502.87,502.87,0,,
521,2024-06-28 00:00:00,499.03,499.03,499.03,499.03,0,,
522,2024-07-01 00:00:00,500.89,500.89,500.89,500.89,0,,
523,2024-07-02 00:00:00,500.9,500.9,500.9,500.9,0,,
524,2024-07-03 00:00:00,503.42,503.42,503.42,503.42,0,,
525,2024-07-04 00:00:00,503.61,503.61,503.61,503.61,0,,
526,2024-07-05 00:00:00,505.04,505.04,505.04,505.04,0,,
527,2024-07-08 00:00:00,504.96,504.96,504.96,504.96,0,,
528,2024-07-09 00:00:00,502.1,502.1,502.1,502.1,0,,
529,2024-07-10 00:00:00,504.49,504.49,504.49,504.49,0,,
530,2024-07-11 00:00:00,502.91,502.91,502.91,502.91,0,,
531,2024-07-12 00:00:00,504.49,504.49,504.49,504.49,0,,
532,2024-07-15 00:00:00,502.51,502.51,502.51,502.51,0,,
533,2024-07-16 00:00:00,501.72,501.72,501.72,501.72,0,,
534,2024-07-17 00:00:00,494.53,494.53,494.53,494.53,0,,
0,2022-05-19 00:00:00,437.68,437.68,437.68,437.68,0,0.0,
1,2022-05-20 00:00:00,437.18,437.18,437.18,437.18,0,1.0,
2,2022-05-23 00:00:00,440.21,440.21,440.21,440.21,0,2.0,
3,2022-05-24 00:00:00,435.75,435.75,435.75,435.75,0,3.0,
4,2022-05-25 00:00:00,435.53,435.53,435.53,435.53,0,4.0,
5,2022-05-27 00:00:00,446.83,446.83,446.83,446.83,0,5.0,
6,2022-05-30 00:00:00,450.85,450.85,450.85,450.85,0,6.0,
7,2022-05-31 00:00:00,450.83,450.83,450.83,450.83,0,7.0,
8,2022-06-01 00:00:00,449.17,449.17,449.17,449.17,0,8.0,
9,2022-06-02 00:00:00,453.38,453.38,453.38,453.38,0,9.0,
10,2022-06-03 00:00:00,452.14,452.14,452.14,452.14,0,10.0,
11,2022-06-07 00:00:00,452.3,452.3,452.3,452.3,0,11.0,
12,2022-06-08 00:00:00,450.43,450.43,450.43,450.43,0,12.0,
13,2022-06-09 00:00:00,448.36,448.36,448.36,448.36,0,13.0,
14,2022-06-10 00:00:00,443.49,443.49,443.49,443.49,0,14.0,
15,2022-06-13 00:00:00,436.35,436.35,436.35,436.35,0,15.0,
16,2022-06-14 00:00:00,434.58,434.58,434.58,434.58,0,16.0,
17,2022-06-15 00:00:00,437.86,437.86,437.86,437.86,0,17.0,
18,2022-06-16 00:00:00,430.52,430.52,430.52,430.52,0,18.0,
19,2022-06-17 00:00:00,433.48,433.48,433.48,433.48,0,19.0,
20,2022-06-20 00:00:00,434.59,434.59,434.59,434.59,0,20.0,
21,2022-06-21 00:00:00,436.41,436.41,436.41,436.41,0,21.0,
22,2022-06-22 00:00:00,436.27,436.27,436.27,436.27,0,22.0,
23,2022-06-24 00:00:00,445.61,445.61,445.61,445.61,0,23.0,
24,2022-06-27 00:00:00,443.92,443.92,443.92,443.92,0,24.0,
25,2022-06-28 00:00:00,442.39,442.39,442.39,442.39,0,25.0,
26,2022-06-29 00:00:00,442.5,442.5,442.5,442.5,0,26.0,
27,2022-06-30 00:00:00,442.22,442.22,442.22,442.22,0,27.0,
28,2022-07-01 00:00:00,441.86,441.86,441.86,441.86,0,28.0,
29,2022-07-04 00:00:00,442.27,442.27,442.27,442.27,0,29.0,
30,2022-07-05 00:00:00,443.11,443.11,443.11,443.11,0,30.0,
31,2022-07-06 00:00:00,447.89,447.89,447.89,447.89,0,31.0,
32,2022-07-07 00:00:00,451.19,451.19,451.19,451.19,0,32.0,
33,2022-07-08 00:00:00,451.02,451.02,451.02,451.02,0,33.0,
34,2022-07-11 00:00:00,451.22,451.22,451.22,451.22,0,34.0,
35,2022-07-12 00:00:00,451.0,451.0,451.0,451.0,0,35.0,
36,2022-07-13 00:00:00,448.92,448.92,448.92,448.92,0,36.0,
37,2022-07-15 00:00:00,452.43,452.43,452.43,452.43,0,37.0,
38,2022-07-18 00:00:00,451.78,451.78,451.78,451.78,0,38.0,
39,2022-07-19 00:00:00,457.27,457.27,457.27,457.27,0,39.0,
40,2022-07-20 00:00:00,457.8,457.8,457.8,457.8,0,40.0,
41,2022-07-21 00:00:00,458.9,458.9,458.9,458.9,0,41.0,
42,2022-07-22 00:00:00,458.48,458.48,458.48,458.48,0,42.0,
43,2022-07-25 00:00:00,456.74,456.74,456.74,456.74,0,43.0,
44,2022-07-26 00:00:00,453.25,453.25,453.25,453.25,0,44.0,
45,2022-07-27 00:00:00,457.52,457.52,457.52,457.52,0,45.0,
46,2022-07-28 00:00:00,460.37,460.37,460.37,460.37,0,46.0,
47,2022-07-29 00:00:00,462.95,462.95,462.95,462.95,0,47.0,
48,2022-08-01 00:00:00,464.09,464.09,464.09,464.09,0,48.0,
49,2022-08-02 00:00:00,463.32,463.32,463.32,463.32,0,49.0,
50,2022-08-03 00:00:00,466.47,466.47,466.47,466.47,0,50.0,
51,2022-08-04 00:00:00,466.34,466.34,466.34,466.34,0,51.0,
52,2022-08-05 00:00:00,463.04,463.04,463.04,463.04,0,52.0,
53,2022-08-08 00:00:00,464.17,464.17,464.17,464.17,0,53.0,
54,2022-08-09 00:00:00,458.99,458.99,458.99,458.99,0,54.0,
55,2022-08-10 00:00:00,462.93,462.93,462.93,462.93,0,55.0,
56,2022-08-11 00:00:00,462.52,462.52,462.52,462.52,0,56.0,
57,2022-08-12 00:00:00,464.26,464.26,464.26,464.26,0,57.0,
58,2022-08-16 00:00:00,464.95,464.95,464.95,464.95,0,58.0,
59,2022-08-17 00:00:00,463.35,463.35,463.35,463.35,0,59.0,
60,2022-08-18 00:00:00,463.62,463.62,463.62,463.62,0,60.0,
61,2022-08-19 00:00:00,462.72,462.72,462.72,462.72,0,61.0,
62,2022-08-22 00:00:00,458.69,458.69,458.69,458.69,0,62.0,
63,2022-08-23 00:00:00,457.36,457.36,457.36,457.36,0,63.0,
64,2022-08-24 00:00:00,457.78,457.78,457.78,457.78,0,64.0,
65,2022-08-25 00:00:00,458.72,458.72,458.72,458.72,0,65.0,
66,2022-08-26 00:00:00,451.5,451.5,451.5,451.5,0,66.0,
67,2022-08-29 00:00:00,449.28,449.28,449.28,449.28,0,67.0,
68,2022-08-30 00:00:00,449.68,449.68,449.68,449.68,0,68.0,
69,2022-08-31 00:00:00,448.77,448.77,448.77,448.77,0,69.0,
70,2022-09-01 00:00:00,450.01,450.01,450.01,450.01,0,70.0,
71,2022-09-02 00:00:00,449.9,449.9,449.9,449.9,0,71.0,
72,2022-09-05 00:00:00,450.06,450.06,450.06,450.06,0,72.0,
73,2022-09-06 00:00:00,450.41,450.41,450.41,450.41,0,73.0,
74,2022-09-07 00:00:00,452.16,452.16,452.16,452.16,0,74.0,
75,2022-09-08 00:00:00,454.11,454.11,454.11,454.11,0,75.0,
76,2022-09-09 00:00:00,455.72,455.72,455.72,455.72,0,76.0,
77,2022-09-12 00:00:00,456.23,456.23,456.23,456.23,0,77.0,
78,2022-09-13 00:00:00,451.92,451.92,451.92,451.92,0,78.0,
79,2022-09-14 00:00:00,455.44,455.44,455.44,455.44,0,79.0,
80,2022-09-15 00:00:00,453.19,453.19,453.19,453.19,0,80.0,
81,2022-09-16 00:00:00,450.05,450.05,450.05,450.05,0,81.0,
82,2022-09-19 00:00:00,450.63,450.63,450.63,450.63,0,82.0,
83,2022-09-20 00:00:00,449.07,449.07,449.07,449.07,0,83.0,
84,2022-09-21 00:00:00,449.78,449.78,449.78,449.78,0,84.0,
85,2022-09-22 00:00:00,445.37,445.37,445.37,445.37,0,85.0,
86,2022-09-23 00:00:00,443.71,443.71,443.71,443.71,0,86.0,
87,2022-09-26 00:00:00,442.93,442.93,442.93,442.93,0,87.0,
88,2022-09-27 00:00:00,442.39,442.39,442.39,442.39,0,88.0,
89,2022-09-28 00:00:00,437.85,437.85,437.85,437.85,0,89.0,
90,2022-09-29 00:00:00,435.3,435.3,435.3,435.3,0,90.0,
91,2022-09-30 00:00:00,433.52,433.52,433.52,433.52,0,91.0,
92,2022-10-03 00:00:00,436.01,436.01,436.01,436.01,0,92.0,
93,2022-10-04 00:00:00,437.1,437.1,437.1,437.1,0,93.0,
94,2022-10-05 00:00:00,436.37,436.37,436.37,436.37,0,94.0,
95,2022-10-06 00:00:00,434.91,434.91,434.91,434.91,0,95.0,
96,2022-10-07 00:00:00,432.6,432.6,432.6,432.6,0,96.0,
97,2022-10-10 00:00:00,433.3,433.3,433.3,433.3,0,97.0,
98,2022-10-11 00:00:00,432.44,432.44,432.44,432.44,0,98.0,
99,2022-10-12 00:00:00,431.19,431.19,431.19,431.19,0,99.0,
100,2022-10-13 00:00:00,432.05,432.05,432.05,432.05,0,100.0,
101,2022-10-14 00:00:00,431.59,431.59,431.59,431.59,0,101.0,
102,2022-10-17 00:00:00,433.73,433.73,433.73,433.73,0,102.0,
103,2022-10-18 00:00:00,433.74,433.74,433.74,433.74,0,103.0,
104,2022-10-19 00:00:00,432.58,432.58,432.58,432.58,0,104.0,
105,2022-10-20 00:00:00,433.19,433.19,433.19,433.19,0,105.0,
106,2022-10-21 00:00:00,430.93,430.93,430.93,430.93,0,106.0,
107,2022-10-24 00:00:00,430.22,430.22,430.22,430.22,0,107.0,
108,2022-10-25 00:00:00,431.89,431.89,431.89,431.89,0,108.0,
109,2022-10-26 00:00:00,432.32,432.32,432.32,432.32,0,109.0,
110,2022-10-27 00:00:00,431.15,431.15,431.15,431.15,0,110.0,
111,2022-10-28 00:00:00,430.5,430.5,430.5,430.5,0,111.0,
112,2022-10-31 00:00:00,430.47,430.47,430.47,430.47,0,112.0,
113,2022-11-02 00:00:00,428.62,428.62,428.62,428.62,0,113.0,
114,2022-11-03 00:00:00,428.27,428.27,428.27,428.27,0,114.0,
115,2022-11-04 00:00:00,431.64,431.64,431.64,431.64,0,115.0,
116,2022-11-07 00:00:00,430.26,430.26,430.26,430.26,0,116.0,
117,2022-11-08 00:00:00,433.04,433.04,433.04,433.04,0,117.0,
118,2022-11-09 00:00:00,432.98,432.98,432.98,432.98,0,118.0,
119,2022-11-10 00:00:00,438.16,438.16,438.16,438.16,0,119.0,
120,2022-11-14 00:00:00,438.83,438.83,438.83,438.83,0,120.0,
121,2022-11-15 00:00:00,439.07,439.07,439.07,439.07,0,121.0,
122,2022-11-16 00:00:00,438.03,438.03,438.03,438.03,0,122.0,
123,2022-11-17 00:00:00,436.31,436.31,436.31,436.31,0,123.0,
124,2022-11-18 00:00:00,438.57,438.57,438.57,438.57,0,124.0,
125,2022-11-21 00:00:00,438.9,438.9,438.9,438.9,0,125.0,
126,2022-11-22 00:00:00,438.71,438.71,438.71,438.71,0,126.0,
127,2022-11-23 00:00:00,439.84,439.84,439.84,439.84,0,127.0,
128,2022-11-24 00:00:00,440.19,440.19,440.19,440.19,0,128.0,
129,2022-11-25 00:00:00,439.16,439.16,439.16,439.16,0,129.0,
130,2022-11-28 00:00:00,439.08,439.08,439.08,439.08,0,130.0,
131,2022-11-29 00:00:00,438.07,438.07,438.07,438.07,0,131.0,
132,2022-11-30 00:00:00,444.32,444.32,444.32,444.32,0,132.0,
133,2022-12-01 00:00:00,442.1,442.1,442.1,442.1,0,133.0,
134,2022-12-02 00:00:00,443.73,443.73,443.73,443.73,0,134.0,
135,2022-12-05 00:00:00,441.28,441.28,441.28,441.28,0,135.0,
136,2022-12-06 00:00:00,440.01,440.01,440.01,440.01,0,136.0,
137,2022-12-07 00:00:00,439.22,439.22,439.22,439.22,0,137.0,
138,2022-12-08 00:00:00,439.41,439.41,439.41,439.41,0,138.0,
139,2022-12-09 00:00:00,439.23,439.23,439.23,439.23,0,139.0,
140,2022-12-12 00:00:00,438.81,438.81,438.81,438.81,0,140.0,
141,2022-12-13 00:00:00,439.59,439.59,439.59,439.59,0,141.0,
142,2022-12-14 00:00:00,439.13,439.13,439.13,439.13,0,142.0,
143,2022-12-15 00:00:00,432.51,432.51,432.51,432.51,0,143.0,
144,2022-12-16 00:00:00,429.86,429.86,429.86,429.86,0,144.0,
145,2022-12-19 00:00:00,428.8,428.8,428.8,428.8,0,145.0,
146,2022-12-20 00:00:00,428.24,428.24,428.24,428.24,0,146.0,
147,2022-12-21 00:00:00,431.93,431.93,431.93,431.93,0,147.0,
148,2022-12-22 00:00:00,428.91,428.91,428.91,428.91,0,148.0,
149,2022-12-23 00:00:00,428.04,428.04,428.04,428.04,0,149.0,
150,2022-12-27 00:00:00,429.92,429.92,429.92,429.92,0,150.0,
151,2022-12-28 00:00:00,429.28,429.28,429.28,429.28,0,151.0,
152,2022-12-29 00:00:00,431.59,431.59,431.59,431.59,0,152.0,
153,2022-12-30 00:00:00,429.91,429.91,429.91,429.91,0,153.0,
154,2023-01-02 00:00:00,431.89,431.89,431.89,431.89,0,154.0,
155,2023-01-03 00:00:00,434.46,434.46,434.46,434.46,0,155.0,
156,2023-01-04 00:00:00,440.7,440.7,440.7,440.7,0,156.0,
157,2023-01-05 00:00:00,442.78,442.78,442.78,442.78,0,157.0,
158,2023-01-06 00:00:00,449.09,449.09,449.09,449.09,0,158.0,
159,2023-01-09 00:00:00,447.76,447.76,447.76,447.76,0,159.0,
160,2023-01-10 00:00:00,448.1,448.1,448.1,448.1,0,160.0,
161,2023-01-11 00:00:00,449.88,449.88,449.88,449.88,0,161.0,
162,2023-01-12 00:00:00,451.12,451.12,451.12,451.12,0,162.0,
163,2023-01-13 00:00:00,453.08,453.08,453.08,453.08,0,163.0,
164,2023-01-16 00:00:00,454.08,454.08,454.08,454.08,0,164.0,
165,2023-01-17 00:00:00,453.11,453.11,453.11,453.11,0,165.0,
166,2023-01-18 00:00:00,451.7,451.7,451.7,451.7,0,166.0,
167,2023-01-20 00:00:00,451.19,451.19,451.19,451.19,0,167.0,
168,2023-01-23 00:00:00,452.85,452.85,452.85,452.85,0,168.0,
169,2023-01-24 00:00:00,454.76,454.76,454.76,454.76,0,169.0,
170,2023-01-25 00:00:00,454.99,454.99,454.99,454.99,0,170.0,
171,2023-01-26 00:00:00,457.41,457.41,457.41,457.41,0,171.0,
172,2023-01-27 00:00:00,457.37,457.37,457.37,457.37,0,172.0,
173,2023-01-30 00:00:00,457.28,457.28,457.28,457.28,0,173.0,
174,2023-01-31 00:00:00,458.05,458.05,458.05,458.05,0,174.0,
175,2023-02-01 00:00:00,460.23,460.23,460.23,460.23,0,175.0,
176,2023-02-02 00:00:00,463.81,463.81,463.81,463.81,0,176.0,
177,2023-02-03 00:00:00,461.77,461.77,461.77,461.77,0,177.0,
178,2023-02-06 00:00:00,457.51,457.51,457.51,457.51,0,178.0,
179,2023-02-07 00:00:00,459.36,459.36,459.36,459.36,0,179.0,
180,2023-02-08 00:00:00,461.05,461.05,461.05,461.05,0,180.0,
181,2023-02-09 00:00:00,463.53,463.53,463.53,463.53,0,181.0,
182,2023-02-10 00:00:00,459.72,459.72,459.72,459.72,0,182.0,
183,2023-02-13 00:00:00,463.35,463.35,463.35,463.35,0,183.0,
184,2023-02-14 00:00:00,463.07,463.07,463.07,463.07,0,184.0,
185,2023-02-15 00:00:00,463.57,463.57,463.57,463.57,0,185.0,
186,2023-02-16 00:00:00,467.49,467.49,467.49,467.49,0,186.0,
187,2023-02-17 00:00:00,466.95,466.95,466.95,466.95,0,187.0,
188,2023-02-20 00:00:00,465.45,465.45,465.45,465.45,0,188.0,
189,2023-02-21 00:00:00,464.39,464.39,464.39,464.39,0,189.0,
190,2023-02-22 00:00:00,461.63,461.63,461.63,461.63,0,190.0,
191,2023-02-23 00:00:00,460.61,460.61,460.61,460.61,0,191.0,
192,2023-02-24 00:00:00,457.52,457.52,457.52,457.52,0,192.0,
193,2023-02-27 00:00:00,462.02,462.02,462.02,462.02,0,193.0,
194,2023-02-28 00:00:00,465.96,465.96,465.96,465.96,0,194.0,
195,2023-03-01 00:00:00,462.65,462.65,462.65,462.65,0,195.0,
196,2023-03-02 00:00:00,463.24,463.24,463.24,463.24,0,196.0,
197,2023-03-03 00:00:00,466.86,466.86,466.86,466.86,0,197.0,
198,2023-03-06 00:00:00,468.88,468.88,468.88,468.88,0,198.0,
199,2023-03-07 00:00:00,465.4,465.4,465.4,465.4,0,199.0,
200,2023-03-08 00:00:00,463.72,463.72,463.72,463.72,0,200.0,
201,2023-03-09 00:00:00,461.55,461.55,461.55,461.55,0,201.0,
202,2023-03-10 00:00:00,455.53,455.53,455.53,455.53,0,202.0,
203,2023-03-13 00:00:00,448.18,448.18,448.18,448.18,0,203.0,
204,2023-03-14 00:00:00,451.7,451.7,451.7,451.7,0,204.0,
205,2023-03-15 00:00:00,444.18,444.18,444.18,444.18,0,205.0,
206,2023-03-16 00:00:00,445.8,445.8,445.8,445.8,0,206.0,
207,2023-03-17 00:00:00,442.64,442.64,442.64,442.64,0,207.0,
208,2023-03-20 00:00:00,445.01,445.01,445.01,445.01,0,208.0,
209,2023-03-21 00:00:00,448.79,448.79,448.79,448.79,0,209.0,
210,2023-03-22 00:00:00,448.95,448.95,448.95,448.95,0,210.0,
211,2023-03-23 00:00:00,449.22,449.22,449.22,449.22,0,211.0,
212,2023-03-24 00:00:00,446.43,446.43,446.43,446.43,0,212.0,
213,2023-03-27 00:00:00,447.88,447.88,447.88,447.88,0,213.0,
214,2023-03-28 00:00:00,448.1,448.1,448.1,448.1,0,214.0,
215,2023-03-29 00:00:00,448.95,448.95,448.95,448.95,0,215.0,
216,2023-03-30 00:00:00,452.3,452.3,452.3,452.3,0,216.0,
217,2023-03-31 00:00:00,454.99,454.99,454.99,454.99,0,217.0,
218,2023-04-03 00:00:00,452.36,452.36,452.36,452.36,0,218.0,
219,2023-04-04 00:00:00,452.24,452.24,452.24,452.24,0,219.0,
220,2023-04-05 00:00:00,450.75,450.75,450.75,450.75,0,220.0,
221,2023-04-06 00:00:00,450.27,450.27,450.27,450.27,0,221.0,
222,2023-04-11 00:00:00,451.53,451.53,451.53,451.53,0,222.0,
223,2023-04-12 00:00:00,451.18,451.18,451.18,451.18,0,223.0,
224,2023-04-13 00:00:00,454.26,454.26,454.26,454.26,0,224.0,
225,2023-04-14 00:00:00,457.05,457.05,457.05,457.05,0,225.0,
226,2023-04-17 00:00:00,455.28,455.28,455.28,455.28,0,226.0,
227,2023-04-18 00:00:00,457.23,457.23,457.23,457.23,0,227.0,
228,2023-04-19 00:00:00,457.4,457.4,457.4,457.4,0,228.0,
229,2023-04-20 00:00:00,457.08,457.08,457.08,457.08,0,229.0,
230,2023-04-21 00:00:00,458.43,458.43,458.43,458.43,0,230.0,
231,2023-04-24 00:00:00,459.45,459.45,459.45,459.45,0,231.0,
232,2023-04-25 00:00:00,457.56,457.56,457.56,457.56,0,232.0,
233,2023-04-26 00:00:00,453.38,453.38,453.38,453.38,0,233.0,
234,2023-04-27 00:00:00,453.01,453.01,453.01,453.01,0,234.0,
235,2023-04-28 00:00:00,453.43,453.43,453.43,453.43,0,235.0,
236,2023-05-02 00:00:00,452.24,452.24,452.24,452.24,0,236.0,
237,2023-05-03 00:00:00,449.08,449.08,449.08,449.08,0,237.0,
238,2023-05-04 00:00:00,446.51,446.51,446.51,446.51,0,238.0,
239,2023-05-05 00:00:00,448.62,448.62,448.62,448.62,0,239.0,
240,2023-05-10 00:00:00,448.44,448.44,448.44,448.44,0,240.0,
241,2023-05-11 00:00:00,451.06,451.06,451.06,451.06,0,241.0,
242,2023-05-12 00:00:00,452.18,452.18,452.18,452.18,0,242.0,
243,2023-05-15 00:00:00,452.87,452.87,452.87,452.87,0,243.0,
244,2023-05-16 00:00:00,448.89,448.89,448.89,448.89,0,244.0,
245,2023-05-17 00:00:00,448.28,448.28,448.28,448.28,0,245.0,
246,2023-05-19 00:00:00,447.76,447.76,447.76,447.76,0,246.0,
247,2023-05-22 00:00:00,447.26,447.26,447.26,447.26,0,247.0,
248,2023-05-23 00:00:00,443.2,443.2,443.2,443.2,0,248.0,
249,2023-05-24 00:00:00,440.08,440.08,440.08,440.08,0,249.0,
250,2023-05-25 00:00:00,440.45,440.45,440.45,440.45,0,250.0,
251,2023-05-26 00:00:00,441.93,441.93,441.93,441.93,0,251.0,
252,2023-05-30 00:00:00,441.04,441.04,441.04,441.04,0,252.0,
253,2023-05-31 00:00:00,437.85,437.85,437.85,437.85,0,253.0,
254,2023-06-01 00:00:00,437.83,437.83,437.83,437.83,0,254.0,
255,2023-06-02 00:00:00,441.79,441.79,441.79,441.79,0,255.0,
256,2023-06-05 00:00:00,440.6,440.6,440.6,440.6,0,256.0,
257,2023-06-06 00:00:00,439.53,439.53,439.53,439.53,0,257.0,
258,2023-06-07 00:00:00,440.27,440.27,440.27,440.27,0,258.0,
259,2023-06-08 00:00:00,438.87,438.87,438.87,438.87,0,259.0,
260,2023-06-09 00:00:00,438.63,438.63,438.63,438.63,0,260.0,
261,2023-06-12 00:00:00,438.85,438.85,438.85,438.85,0,261.0,
262,2023-06-13 00:00:00,440.25,440.25,440.25,440.25,0,262.0,
263,2023-06-14 00:00:00,441.21,441.21,441.21,441.21,0,263.0,
264,2023-06-15 00:00:00,438.89,438.89,438.89,438.89,0,264.0,
265,2023-06-16 00:00:00,442.89,442.89,442.89,442.89,0,265.0,
266,2023-06-19 00:00:00,441.06,441.06,441.06,441.06,0,266.0,
267,2023-06-21 00:00:00,438.68,438.68,438.68,438.68,0,267.0,
268,2023-06-22 00:00:00,437.98,437.98,437.98,437.98,0,268.0,
269,2023-06-26 00:00:00,436.92,436.92,436.92,436.92,0,269.0,
270,2023-06-27 00:00:00,436.34,436.34,436.34,436.34,0,270.0,
271,2023-06-28 00:00:00,437.96,437.96,437.96,437.96,0,271.0,
272,2023-06-29 00:00:00,438.43,438.43,438.43,438.43,0,272.0,
273,2023-06-30 00:00:00,440.53,440.53,440.53,440.53,0,273.0,
274,2023-07-03 00:00:00,438.87,438.87,438.87,438.87,0,274.0,
275,2023-07-04 00:00:00,439.86,439.86,439.86,439.86,0,275.0,
276,2023-07-05 00:00:00,438.33,438.33,438.33,438.33,0,276.0,
277,2023-07-06 00:00:00,432.55,432.55,432.55,432.55,0,277.0,
278,2023-07-07 00:00:00,433.65,433.65,433.65,433.65,0,278.0,
279,2023-07-10 00:00:00,435.53,435.53,435.53,435.53,0,279.0,
280,2023-07-11 00:00:00,439.94,439.94,439.94,439.94,0,280.0,
281,2023-07-12 00:00:00,443.42,443.42,443.42,443.42,0,281.0,
282,2023-07-13 00:00:00,443.79,443.79,443.79,443.79,0,282.0,
283,2023-07-17 00:00:00,441.98,441.98,441.98,441.98,0,283.0,
284,2023-07-18 00:00:00,442.93,442.93,442.93,442.93,0,284.0,
285,2023-07-19 00:00:00,443.81,443.81,443.81,443.81,0,285.0,
286,2023-07-20 00:00:00,444.09,444.09,444.09,444.09,0,286.0,
287,2023-07-21 00:00:00,444.86,444.86,444.86,444.86,0,287.0,
288,2023-07-24 00:00:00,443.35,443.35,443.35,443.35,0,288.0,
289,2023-07-25 00:00:00,443.34,443.34,443.34,443.34,0,289.0,
290,2023-07-26 00:00:00,440.99,440.99,440.99,440.99,0,290.0,
291,2023-07-27 00:00:00,443.26,443.26,443.26,443.26,0,291.0,
292,2023-07-28 00:00:00,445.84,445.84,445.84,445.84,0,292.0,
293,2023-07-31 00:00:00,447.0,447.0,447.0,447.0,0,293.0,
294,2023-08-01 00:00:00,444.42,444.42,444.42,444.42,0,294.0,
295,2023-08-02 00:00:00,440.8,440.8,440.8,440.8,0,295.0,
296,2023-08-03 00:00:00,441.12,441.12,441.12,441.12,0,296.0,
297,2023-08-04 00:00:00,441.6,441.6,441.6,441.6,0,297.0,
298,2023-08-07 00:00:00,442.24,442.24,442.24,442.24,0,298.0,
299,2023-08-08 00:00:00,440.84,440.84,440.84,440.84,0,299.0,
300,2023-08-09 00:00:00,440.8,440.8,440.8,440.8,0,300.0,
301,2023-08-10 00:00:00,443.2,443.2,443.2,443.2,0,301.0,
302,2023-08-11 00:00:00,442.25,442.25,442.25,442.25,0,302.0,
303,2023-08-14 00:00:00,443.59,443.59,443.59,443.59,0,303.0,
304,2023-08-16 00:00:00,445.67,445.67,445.67,445.67,0,304.0,
305,2023-08-17 00:00:00,444.55,444.55,444.55,444.55,0,305.0,
306,2023-08-18 00:00:00,442.25,442.25,442.25,442.25,0,306.0,
307,2023-08-21 00:00:00,443.32,443.32,443.32,443.32,0,307.0,
308,2023-08-22 00:00:00,442.8,442.8,442.8,442.8,0,308.0,
309,2023-08-23 00:00:00,441.75,441.75,441.75,441.75,0,309.0,
310,2023-08-24 00:00:00,444.13,444.13,444.13,444.13,0,310.0,
311,2023-08-25 00:00:00,443.46,443.46,443.46,443.46,0,311.0,
312,2023-08-28 00:00:00,446.84,446.84,446.84,446.84,0,312.0,
313,2023-08-29 00:00:00,449.29,449.29,449.29,449.29,0,313.0,
314,2023-08-30 00:00:00,449.63,449.63,449.63,449.63,0,314.0,
315,2023-08-31 00:00:00,451.43,451.43,451.43,451.43,0,315.0,
316,2023-09-01 00:00:00,451.51,451.51,451.51,451.51,0,316.0,
317,2023-09-04 00:00:00,452.37,452.37,452.37,452.37,0,317.0,
318,2023-09-05 00:00:00,451.2,451.2,451.2,451.2,0,318.0,
319,2023-09-06 00:00:00,446.61,446.61,446.61,446.61,0,319.0,
320,2023-09-07 00:00:00,445.36,445.36,445.36,445.36,0,320.0,
321,2023-09-08 00:00:00,446.69,446.69,446.69,446.69,0,321.0,
322,2023-09-11 00:00:00,447.74,447.74,447.74,447.74,0,322.0,
323,2023-09-12 00:00:00,448.01,448.01,448.01,448.01,0,323.0,
324,2023-09-13 00:00:00,447.76,447.76,447.76,447.76,0,324.0,
325,2023-09-14 00:00:00,450.64,450.64,450.64,450.64,0,325.0,
326,2023-09-15 00:00:00,451.19,451.19,451.19,451.19,0,326.0,
327,2023-09-18 00:00:00,448.63,448.63,448.63,448.63,0,327.0,
328,2023-09-19 00:00:00,446.65,446.65,446.65,446.65,0,328.0,
329,2023-09-20 00:00:00,447.79,447.79,447.79,447.79,0,329.0,
330,2023-09-21 00:00:00,444.62,444.62,444.62,444.62,0,330.0,
331,2023-09-22 00:00:00,444.5,444.5,444.5,444.5,0,331.0,
332,2023-09-25 00:00:00,441.45,441.45,441.45,441.45,0,332.0,
333,2023-09-26 00:00:00,439.33,439.33,439.33,439.33,0,333.0,
334,2023-09-27 00:00:00,439.36,439.36,439.36,439.36,0,334.0,
335,2023-09-28 00:00:00,439.6,439.6,439.6,439.6,0,335.0,
336,2023-09-29 00:00:00,441.41,441.41,441.41,441.41,0,336.0,
337,2023-10-02 00:00:00,440.4,440.4,440.4,440.4,0,337.0,
338,2023-10-03 00:00:00,436.94,436.94,436.94,436.94,0,338.0,
339,2023-10-04 00:00:00,436.09,436.09,436.09,436.09,0,339.0,
340,2023-10-05 00:00:00,435.21,435.21,435.21,435.21,0,340.0,
341,2023-10-06 00:00:00,437.67,437.67,437.67,437.67,0,341.0,
342,2023-10-09 00:00:00,436.83,436.83,436.83,436.83,0,342.0,
343,2023-10-10 00:00:00,440.58,440.58,440.58,440.58,0,343.0,
344,2023-10-11 00:00:00,438.67,438.67,438.67,438.67,0,344.0,
345,2023-10-12 00:00:00,437.04,437.04,437.04,437.04,0,345.0,
346,2023-10-13 00:00:00,433.31,433.31,433.31,433.31,0,346.0,
347,2023-10-16 00:00:00,435.06,435.06,435.06,435.06,0,347.0,
348,2023-10-17 00:00:00,435.66,435.66,435.66,435.66,0,348.0,
349,2023-10-18 00:00:00,431.88,431.88,431.88,431.88,0,349.0,
350,2023-10-19 00:00:00,430.56,430.56,430.56,430.56,0,350.0,
351,2023-10-20 00:00:00,427.29,427.29,427.29,427.29,0,351.0,
352,2023-10-23 00:00:00,428.46,428.46,428.46,428.46,0,352.0,
353,2023-10-24 00:00:00,430.11,430.11,430.11,430.11,0,353.0,
354,2023-10-25 00:00:00,428.53,428.53,428.53,428.53,0,354.0,
355,2023-10-26 00:00:00,428.07,428.07,428.07,428.07,0,355.0,
356,2023-10-27 00:00:00,427.85,427.85,427.85,427.85,0,356.0,
357,2023-10-30 00:00:00,428.96,428.96,428.96,428.96,0,357.0,
358,2023-10-31 00:00:00,429.35,429.35,429.35,429.35,0,358.0,
359,2023-11-02 00:00:00,433.81,433.81,433.81,433.81,0,359.0,
360,2023-11-03 00:00:00,435.43,435.43,435.43,435.43,0,360.0,
361,2023-11-06 00:00:00,435.78,435.78,435.78,435.78,0,361.0,
362,2023-11-07 00:00:00,437.03,437.03,437.03,437.03,0,362.0,
363,2023-11-08 00:00:00,438.78,438.78,438.78,438.78,0,363.0,
364,2023-11-09 00:00:00,440.96,440.96,440.96,440.96,0,364.0,
365,2023-11-10 00:00:00,439.08,439.08,439.08,439.08,0,365.0,
366,2023-11-13 00:00:00,439.54,439.54,439.54,439.54,0,366.0,
367,2023-11-14 00:00:00,444.92,444.92,444.92,444.92,0,367.0,
368,2023-11-15 00:00:00,447.23,447.23,447.23,447.23,0,368.0,
369,2023-11-16 00:00:00,444.0,444.0,444.0,444.0,0,369.0,
370,2023-11-17 00:00:00,447.07,447.07,447.07,447.07,0,370.0,
371,2023-11-20 00:00:00,448.05,448.05,448.05,448.05,0,371.0,
372,2023-11-21 00:00:00,448.21,448.21,448.21,448.21,0,372.0,
373,2023-11-22 00:00:00,451.65,451.65,451.65,451.65,0,373.0,
374,2023-11-23 00:00:00,451.41,451.41,451.41,451.41,0,374.0,
375,2023-11-24 00:00:00,451.86,451.86,451.86,451.86,0,375.0,
376,2023-11-27 00:00:00,450.3,450.3,450.3,450.3,0,376.0,
377,2023-11-28 00:00:00,450.05,450.05,450.05,450.05,0,377.0,
378,2023-11-29 00:00:00,453.67,453.67,453.67,453.67,0,378.0,
379,2023-11-30 00:00:00,456.77,456.77,456.77,456.77,0,379.0,
380,2023-12-01 00:00:00,461.63,461.63,461.63,461.63,0,380.0,
381,2023-12-04 00:00:00,461.38,461.38,461.38,461.38,0,381.0,
382,2023-12-05 00:00:00,461.3,461.3,461.3,461.3,0,382.0,
383,2023-12-06 00:00:00,463.89,463.89,463.89,463.89,0,383.0,
384,2023-12-07 00:00:00,463.79,463.79,463.79,463.79,0,384.0,
385,2023-12-08 00:00:00,466.23,466.23,466.23,466.23,0,385.0,
386,2023-12-11 00:00:00,468.1,468.1,468.1,468.1,0,386.0,
387,2023-12-12 00:00:00,469.17,469.17,469.17,469.17,0,387.0,
388,2023-12-13 00:00:00,468.2,468.2,468.2,468.2,0,388.0,
389,2023-12-14 00:00:00,473.72,473.72,473.72,473.72,0,389.0,
390,2023-12-15 00:00:00,471.88,471.88,471.88,471.88,0,390.0,
391,2023-12-18 00:00:00,470.84,470.84,470.84,470.84,0,391.0,
392,2023-12-19 00:00:00,474.45,474.45,474.45,474.45,0,392.0,
393,2023-12-20 00:00:00,473.07,473.07,473.07,473.07,0,393.0,
394,2023-12-21 00:00:00,474.52,474.52,474.52,474.52,0,394.0,
395,2023-12-22 00:00:00,472.33,472.33,472.33,472.33,0,395.0,
396,2023-12-27 00:00:00,474.33,474.33,474.33,474.33,0,396.0,
397,2023-12-28 00:00:00,472.81,472.81,472.81,472.81,0,397.0,
398,2023-12-29 00:00:00,472.64,472.64,472.64,472.64,0,398.0,
399,2024-01-02 00:00:00,466.61,466.61,466.61,466.61,0,399.0,
400,2024-01-03 00:00:00,461.09,461.09,461.09,461.09,0,400.0,
401,2024-01-04 00:00:00,456.62,456.62,456.62,456.62,0,401.0,
402,2024-01-05 00:00:00,456.27,456.27,456.27,456.27,0,402.0,
403,2024-01-08 00:00:00,461.78,461.78,461.78,461.78,0,403.0,
404,2024-01-09 00:00:00,460.67,460.67,460.67,460.67,0,404.0,
405,2024-01-10 00:00:00,462.35,462.35,462.35,462.35,0,405.0,
406,2024-01-11 00:00:00,460.98,460.98,460.98,460.98,0,406.0,
407,2024-01-12 00:00:00,464.19,464.19,464.19,464.19,0,407.0,
408,2024-01-15 00:00:00,462.45,462.45,462.45,462.45,0,408.0,
409,2024-01-16 00:00:00,460.69,460.69,460.69,460.69,0,409.0,
410,2024-01-17 00:00:00,459.16,459.16,459.16,459.16,0,410.0,
411,2024-01-18 00:00:00,463.69,463.69,463.69,463.69,0,411.0,
412,2024-01-19 00:00:00,466.37,466.37,466.37,466.37,0,412.0,
413,2024-01-22 00:00:00,468.76,468.76,468.76,468.76,0,413.0,
414,2024-01-23 00:00:00,468.2,468.2,468.2,468.2,0,414.0,
415,2024-01-24 00:00:00,471.23,471.23,471.23,471.23,0,415.0,
416,2024-01-25 00:00:00,472.72,472.72,472.72,472.72,0,416.0,
417,2024-01-26 00:00:00,473.22,473.22,473.22,473.22,0,417.0,
418,2024-01-29 00:00:00,477.02,477.02,477.02,477.02,0,418.0,
419,2024-01-30 00:00:00,478.16,478.16,478.16,478.16,0,419.0,
420,2024-01-31 00:00:00,472.42,472.42,472.42,472.42,0,420.0,
421,2024-02-01 00:00:00,473.95,473.95,473.95,473.95,0,421.0,
422,2024-02-02 00:00:00,480.53,480.53,480.53,480.53,0,422.0,
423,2024-02-05 00:00:00,480.44,480.44,480.44,480.44,0,423.0,
424,2024-02-06 00:00:00,478.34,478.34,478.34,478.34,0,424.0,
425,2024-02-07 00:00:00,480.28,480.28,480.28,480.28,0,425.0,
426,2024-02-08 00:00:00,481.75,481.75,481.75,481.75,0,426.0,
427,2024-02-09 00:00:00,483.84,483.84,483.84,483.84,0,427.0,
428,2024-02-12 00:00:00,483.69,483.69,483.69,483.69,0,428.0,
429,2024-02-13 00:00:00,478.5,478.5,478.5,478.5,0,429.0,
430,2024-02-14 00:00:00,484.42,484.42,484.42,484.42,0,430.0,
431,2024-02-15 00:00:00,485.26,485.26,485.26,485.26,0,431.0,
432,2024-02-16 00:00:00,486.01,486.01,486.01,486.01,0,432.0,
433,2024-02-19 00:00:00,486.19,486.19,486.19,486.19,0,433.0,
434,2024-02-20 00:00:00,484.4,484.4,484.4,484.4,0,434.0,
435,2024-02-21 00:00:00,484.02,484.02,484.02,484.02,0,435.0,
436,2024-02-22 00:00:00,492.34,492.34,492.34,492.34,0,436.0,
437,2024-02-23 00:00:00,492.88,492.88,492.88,492.88,0,437.0,
438,2024-02-26 00:00:00,493.19,493.19,493.19,493.19,0,438.0,
439,2024-02-27 00:00:00,493.31,493.31,493.31,493.31,0,439.0,
440,2024-02-28 00:00:00,493.4,493.4,493.4,493.4,0,440.0,
441,2024-02-29 00:00:00,495.5,495.5,495.5,495.5,0,441.0,
442,2024-03-01 00:00:00,500.6,500.6,500.6,500.6,0,442.0,
443,2024-03-04 00:00:00,501.88,501.88,501.88,501.88,0,443.0,
444,2024-03-05 00:00:00,497.79,497.79,497.79,497.79,0,444.0,
445,2024-03-06 00:00:00,499.89,499.89,499.89,499.89,0,445.0,
446,2024-03-07 00:00:00,502.48,502.48,502.48,502.48,0,446.0,
447,2024-03-08 00:00:00,499.92,499.92,499.92,499.92,0,447.0,
448,2024-03-11 00:00:00,497.04,497.04,497.04,497.04,0,448.0,
449,2024-03-12 00:00:00,504.16,504.16,504.16,504.16,0,449.0,
450,2024-03-13 00:00:00,504.62,504.62,504.62,504.62,0,450.0,
451,2024-03-14 00:00:00,504.35,504.35,504.35,504.35,0,451.0,
452,2024-03-15 00:00:00,500.41,500.41,500.41,500.41,0,452.0,
453,2024-03-18 00:00:00,502.03,502.03,502.03,502.03,0,453.0,
454,2024-03-19 00:00:00,504.01,504.01,504.01,504.01,0,454.0,
455,2024-03-20 00:00:00,506.83,506.83,506.83,506.83,0,455.0,
456,2024-03-21 00:00:00,510.21,510.21,510.21,510.21,0,456.0,
457,2024-03-22 00:00:00,509.69,509.69,509.69,509.69,0,457.0,
458,2024-03-25 00:00:00,508.79,508.79,508.79,508.79,0,458.0,
459,2024-03-26 00:00:00,510.14,510.14,510.14,510.14,0,459.0,
460,2024-03-27 00:00:00,510.77,510.77,510.77,510.77,0,460.0,
461,2024-03-28 00:00:00,512.17,512.17,512.17,512.17,0,461.0,
462,2024-04-02 00:00:00,508.27,508.27,508.27,508.27,0,462.0,
463,2024-04-03 00:00:00,508.74,508.74,508.74,508.74,0,463.0,
464,2024-04-04 00:00:00,505.57,505.57,505.57,505.57,0,464.0,
465,2024-04-05 00:00:00,507.11,507.11,507.11,507.11,0,465.0,
466,2024-04-08 00:00:00,507.99,507.99,507.99,507.99,0,466.0,
467,2024-04-09 00:00:00,505.52,505.52,505.52,505.52,0,467.0,
468,2024-04-10 00:00:00,503.38,503.38,503.38,503.38,0,468.0,
469,2024-04-11 00:00:00,503.93,503.93,503.93,503.93,0,469.0,
470,2024-04-12 00:00:00,499.0,499.0,499.0,499.0,0,470.0,
471,2024-04-15 00:00:00,496.52,496.52,496.52,496.52,0,471.0,
472,2024-04-16 00:00:00,493.59,493.59,493.59,493.59,0,472.0,
473,2024-04-17 00:00:00,491.29,491.29,491.29,491.29,0,473.0,
474,2024-04-18 00:00:00,491.0,491.0,491.0,491.0,0,474.0,
475,2024-04-19 00:00:00,483.5,483.5,483.5,483.5,0,475.0,
476,2024-04-22 00:00:00,485.48,485.48,485.48,485.48,0,476.0,
477,2024-04-23 00:00:00,493.57,493.57,493.57,493.57,0,477.0,
478,2024-04-24 00:00:00,490.6,490.6,490.6,490.6,0,478.0,
479,2024-04-25 00:00:00,485.95,485.95,485.95,485.95,0,479.0,
480,2024-04-26 00:00:00,492.29,492.29,492.29,492.29,0,480.0,
481,2024-04-29 00:00:00,491.16,491.16,491.16,491.16,0,481.0,
482,2024-04-30 00:00:00,486.54,486.54,486.54,486.54,0,482.0,
483,2024-05-02 00:00:00,485.91,485.91,485.91,485.91,0,483.0,
484,2024-05-03 00:00:00,490.28,490.28,490.28,490.28,0,484.0,
485,2024-05-06 00:00:00,494.03,494.03,494.03,494.03,0,485.0,
486,2024-05-07 00:00:00,497.02,497.02,497.02,497.02,0,486.0,
487,2024-05-10 00:00:00,501.78,501.78,501.78,501.78,0,487.0,
488,2024-05-13 00:00:00,501.2,501.2,501.2,501.2,0,488.0,
489,2024-05-14 00:00:00,500.28,500.28,500.28,500.28,0,489.0,
490,2024-05-15 00:00:00,507.31,507.31,507.31,507.31,0,490.0,
491,2024-05-16 00:00:00,504.9,504.9,504.9,504.9,0,491.0,
492,2024-05-17 00:00:00,504.39,504.39,504.39,504.39,0,492.0,
493,2024-05-21 00:00:00,506.99,506.99,506.99,506.99,0,493.0,
494,2024-05-22 00:00:00,506.87,506.87,506.87,506.87,0,494.0,
495,2024-05-23 00:00:00,508.83,508.83,508.83,508.83,0,495.0,
496,2024-05-24 00:00:00,510.47,510.47,510.47,510.47,0,496.0,
497,2024-05-27 00:00:00,512.43,512.43,512.43,512.43,0,497.0,
498,2024-05-28 00:00:00,511.16,511.16,511.16,511.16,0,498.0,
499,2024-05-29 00:00:00,506.29,506.29,506.29,506.29,0,499.0,
500,2024-05-30 00:00:00,505.59,505.59,505.59,505.59,0,500.0,
501,2024-05-31 00:00:00,503.33,503.33,503.33,503.33,0,501.0,
502,2024-06-03 00:00:00,503.1,503.1,503.1,503.1,0,502.0,
503,2024-06-04 00:00:00,500.25,500.25,500.25,500.25,0,503.0,
504,2024-06-05 00:00:00,505.03,505.03,505.03,505.03,0,504.0,
505,2024-06-06 00:00:00,504.99,504.99,504.99,504.99,0,505.0,
506,2024-06-07 00:00:00,503.99,503.99,503.99,503.99,0,506.0,
507,2024-06-10 00:00:00,503.92,503.92,503.92,503.92,0,507.0,
508,2024-06-11 00:00:00,502.06,502.06,502.06,502.06,0,508.0,
509,2024-06-12 00:00:00,506.92,506.92,506.92,506.92,0,509.0,
510,2024-06-13 00:00:00,502.7,502.7,502.7,502.7,0,510.0,
511,2024-06-14 00:00:00,500.8,500.8,500.8,500.8,0,511.0,
512,2024-06-17 00:00:00,504.58,504.58,504.58,504.58,0,512.0,
513,2024-06-18 00:00:00,506.57,506.57,506.57,506.57,0,513.0,
514,2024-06-19 00:00:00,505.94,505.94,505.94,505.94,0,514.0,
515,2022-05-19,437.68,437.68,437.68,437.68,0,0.0,0.0
516,2022-05-20,437.18,437.18,437.18,437.18,0,1.0,1.0
517,2022-05-23,440.21,440.21,440.21,440.21,0,2.0,2.0
518,2022-05-24,435.75,435.75,435.75,435.75,0,3.0,3.0
519,2022-05-25,435.53,435.53,435.53,435.53,0,4.0,4.0
520,2022-05-27,446.83,446.83,446.83,446.83,0,5.0,5.0
521,2022-05-30,450.85,450.85,450.85,450.85,0,6.0,6.0
522,2022-05-31,450.83,450.83,450.83,450.83,0,7.0,7.0
523,2022-06-01,449.17,449.17,449.17,449.17,0,8.0,8.0
524,2022-06-02,453.38,453.38,453.38,453.38,0,9.0,9.0
525,2022-06-03,452.14,452.14,452.14,452.14,0,10.0,10.0
526,2022-06-07,452.3,452.3,452.3,452.3,0,11.0,11.0
527,2022-06-08,450.43,450.43,450.43,450.43,0,12.0,12.0
528,2022-06-09,448.36,448.36,448.36,448.36,0,13.0,13.0
529,2022-06-10,443.49,443.49,443.49,443.49,0,14.0,14.0
530,2022-06-13,436.35,436.35,436.35,436.35,0,15.0,15.0
531,2022-06-14,434.58,434.58,434.58,434.58,0,16.0,16.0
532,2022-06-15,437.86,437.86,437.86,437.86,0,17.0,17.0
533,2022-06-16,430.52,430.52,430.52,430.52,0,18.0,18.0
534,2022-06-17,433.48,433.48,433.48,433.48,0,19.0,19.0
535,2022-06-20,434.59,434.59,434.59,434.59,0,20.0,20.0
536,2022-06-21,436.41,436.41,436.41,436.41,0,21.0,21.0
537,2022-06-22,436.27,436.27,436.27,436.27,0,22.0,22.0
538,2022-06-24,445.61,445.61,445.61,445.61,0,23.0,23.0
539,2022-06-27,443.92,443.92,443.92,443.92,0,24.0,24.0
540,2022-06-28,442.39,442.39,442.39,442.39,0,25.0,25.0
541,2022-06-29,442.5,442.5,442.5,442.5,0,26.0,26.0
542,2022-06-30,442.22,442.22,442.22,442.22,0,27.0,27.0
543,2022-07-01,441.86,441.86,441.86,441.86,0,28.0,28.0
544,2022-07-04,442.27,442.27,442.27,442.27,0,29.0,29.0
545,2022-07-05,443.11,443.11,443.11,443.11,0,30.0,30.0
546,2022-07-06,447.89,447.89,447.89,447.89,0,31.0,31.0
547,2022-07-07,451.19,451.19,451.19,451.19,0,32.0,32.0
548,2022-07-08,451.02,451.02,451.02,451.02,0,33.0,33.0
549,2022-07-11,451.22,451.22,451.22,451.22,0,34.0,34.0
550,2022-07-12,451.0,451.0,451.0,451.0,0,35.0,35.0
551,2022-07-13,448.92,448.92,448.92,448.92,0,36.0,36.0
552,2022-07-15,452.43,452.43,452.43,452.43,0,37.0,37.0
553,2022-07-18,451.78,451.78,451.78,451.78,0,38.0,38.0
554,2022-07-19,457.27,457.27,457.27,457.27,0,39.0,39.0
555,2022-07-20,457.8,457.8,457.8,457.8,0,40.0,40.0
556,2022-07-21,458.9,458.9,458.9,458.9,0,41.0,41.0
557,2022-07-22,458.48,458.48,458.48,458.48,0,42.0,42.0
558,2022-07-25,456.74,456.74,456.74,456.74,0,43.0,43.0
559,2022-07-26,453.25,453.25,453.25,453.25,0,44.0,44.0
560,2022-07-27,457.52,457.52,457.52,457.52,0,45.0,45.0
561,2022-07-28,460.37,460.37,460.37,460.37,0,46.0,46.0
562,2022-07-29,462.95,462.95,462.95,462.95,0,47.0,47.0
563,2022-08-01,464.09,464.09,464.09,464.09,0,48.0,48.0
564,2022-08-02,463.32,463.32,463.32,463.32,0,49.0,49.0
565,2022-08-03,466.47,466.47,466.47,466.47,0,50.0,50.0
566,2022-08-04,466.34,466.34,466.34,466.34,0,51.0,51.0
567,2022-08-05,463.04,463.04,463.04,463.04,0,52.0,52.0
568,2022-08-08,464.17,464.17,464.17,464.17,0,53.0,53.0
569,2022-08-09,458.99,458.99,458.99,458.99,0,54.0,54.0
570,2022-08-10,462.93,462.93,462.93,462.93,0,55.0,55.0
571,2022-08-11,462.52,462.52,462.52,462.52,0,56.0,56.0
572,2022-08-12,464.26,464.26,464.26,464.26,0,57.0,57.0
573,2022-08-16,464.95,464.95,464.95,464.95,0,58.0,58.0
574,2022-08-17,463.35,463.35,463.35,463.35,0,59.0,59.0
575,2022-08-18,463.62,463.62,463.62,463.62,0,60.0,60.0
576,2022-08-19,462.72,462.72,462.72,462.72,0,61.0,61.0
577,2022-08-22,458.69,458.69,458.69,458.69,0,62.0,62.0
578,2022-08-23,457.36,457.36,457.36,457.36,0,63.0,63.0
579,2022-08-24,457.78,457.78,457.78,457.78,0,64.0,64.0
580,2022-08-25,458.72,458.72,458.72,458.72,0,65.0,65.0
581,2022-08-26,451.5,451.5,451.5,451.5,0,66.0,66.0
582,2022-08-29,449.28,449.28,449.28,449.28,0,67.0,67.0
583,2022-08-30,449.68,449.68,449.68,449.68,0,68.0,68.0
584,2022-08-31,448.77,448.77,448.77,448.77,0,69.0,69.0
585,2022-09-01,450.01,450.01,450.01,450.01,0,70.0,70.0
586,2022-09-02,449.9,449.9,449.9,449.9,0,71.0,71.0
587,2022-09-05,450.06,450.06,450.06,450.06,0,72.0,72.0
588,2022-09-06,450.41,450.41,450.41,450.41,0,73.0,73.0
589,2022-09-07,452.16,452.16,452.16,452.16,0,74.0,74.0
590,2022-09-08,454.11,454.11,454.11,454.11,0,75.0,75.0
591,2022-09-09,455.72,455.72,455.72,455.72,0,76.0,76.0
592,2022-09-12,456.23,456.23,456.23,456.23,0,77.0,77.0
593,2022-09-13,451.92,451.92,451.92,451.92,0,78.0,78.0
594,2022-09-14,455.44,455.44,455.44,455.44,0,79.0,79.0
595,2022-09-15,453.19,453.19,453.19,453.19,0,80.0,80.0
596,2022-09-16,450.05,450.05,450.05,450.05,0,81.0,81.0
597,2022-09-19,450.63,450.63,450.63,450.63,0,82.0,82.0
598,2022-09-20,449.07,449.07,449.07,449.07,0,83.0,83.0
599,2022-09-21,449.78,449.78,449.78,449.78,0,84.0,84.0
600,2022-09-22,445.37,445.37,445.37,445.37,0,85.0,85.0
601,2022-09-23,443.71,443.71,443.71,443.71,0,86.0,86.0
602,2022-09-26,442.93,442.93,442.93,442.93,0,87.0,87.0
603,2022-09-27,442.39,442.39,442.39,442.39,0,88.0,88.0
604,2022-09-28,437.85,437.85,437.85,437.85,0,89.0,89.0
605,2022-09-29,435.3,435.3,435.3,435.3,0,90.0,90.0
606,2022-09-30,433.52,433.52,433.52,433.52,0,91.0,91.0
607,2022-10-03,436.01,436.01,436.01,436.01,0,92.0,92.0
608,2022-10-04,437.1,437.1,437.1,437.1,0,93.0,93.0
609,2022-10-05,436.37,436.37,436.37,436.37,0,94.0,94.0
610,2022-10-06,434.91,434.91,434.91,434.91,0,95.0,95.0
611,2022-10-07,432.6,432.6,432.6,432.6,0,96.0,96.0
612,2022-10-10,433.3,433.3,433.3,433.3,0,97.0,97.0
613,2022-10-11,432.44,432.44,432.44,432.44,0,98.0,98.0
614,2022-10-12,431.19,431.19,431.19,431.19,0,99.0,99.0
615,2022-10-13,432.05,432.05,432.05,432.05,0,100.0,100.0
616,2022-10-14,431.59,431.59,431.59,431.59,0,101.0,101.0
617,2022-10-17,433.73,433.73,433.73,433.73,0,102.0,102.0
618,2022-10-18,433.74,433.74,433.74,433.74,0,103.0,103.0
619,2022-10-19,432.58,432.58,432.58,432.58,0,104.0,104.0
620,2022-10-20,433.19,433.19,433.19,433.19,0,105.0,105.0
621,2022-10-21,430.93,430.93,430.93,430.93,0,106.0,106.0
622,2022-10-24,430.22,430.22,430.22,430.22,0,107.0,107.0
623,2022-10-25,431.89,431.89,431.89,431.89,0,108.0,108.0
624,2022-10-26,432.32,432.32,432.32,432.32,0,109.0,109.0
625,2022-10-27,431.15,431.15,431.15,431.15,0,110.0,110.0
626,2022-10-28,430.5,430.5,430.5,430.5,0,111.0,111.0
627,2022-10-31,430.47,430.47,430.47,430.47,0,112.0,112.0
628,2022-11-02,428.62,428.62,428.62,428.62,0,113.0,113.0
629,2022-11-03,428.27,428.27,428.27,428.27,0,114.0,114.0
630,2022-11-04,431.64,431.64,431.64,431.64,0,115.0,115.0
631,2022-11-07,430.26,430.26,430.26,430.26,0,116.0,116.0
632,2022-11-08,433.04,433.04,433.04,433.04,0,117.0,117.0
633,2022-11-09,432.98,432.98,432.98,432.98,0,118.0,118.0
634,2022-11-10,438.16,438.16,438.16,438.16,0,119.0,119.0
635,2022-11-14,438.83,438.83,438.83,438.83,0,120.0,120.0
636,2022-11-15,439.07,439.07,439.07,439.07,0,121.0,121.0
637,2022-11-16,438.03,438.03,438.03,438.03,0,122.0,122.0
638,2022-11-17,436.31,436.31,436.31,436.31,0,123.0,123.0
639,2022-11-18,438.57,438.57,438.57,438.57,0,124.0,124.0
640,2022-11-21,438.9,438.9,438.9,438.9,0,125.0,125.0
641,2022-11-22,438.71,438.71,438.71,438.71,0,126.0,126.0
642,2022-11-23,439.84,439.84,439.84,439.84,0,127.0,127.0
643,2022-11-24,440.19,440.19,440.19,440.19,0,128.0,128.0
644,2022-11-25,439.16,439.16,439.16,439.16,0,129.0,129.0
645,2022-11-28,439.08,439.08,439.08,439.08,0,130.0,130.0
646,2022-11-29,438.07,438.07,438.07,438.07,0,131.0,131.0
647,2022-11-30,444.32,444.32,444.32,444.32,0,132.0,132.0
648,2022-12-01,442.1,442.1,442.1,442.1,0,133.0,133.0
649,2022-12-02,443.73,443.73,443.73,443.73,0,134.0,134.0
650,2022-12-05,441.28,441.28,441.28,441.28,0,135.0,135.0
651,2022-12-06,440.01,440.01,440.01,440.01,0,136.0,136.0
652,2022-12-07,439.22,439.22,439.22,439.22,0,137.0,137.0
653,2022-12-08,439.41,439.41,439.41,439.41,0,138.0,138.0
654,2022-12-09,439.23,439.23,439.23,439.23,0,139.0,139.0
655,2022-12-12,438.81,438.81,438.81,438.81,0,140.0,140.0
656,2022-12-13,439.59,439.59,439.59,439.59,0,141.0,141.0
657,2022-12-14,439.13,439.13,439.13,439.13,0,142.0,142.0
658,2022-12-15,432.51,432.51,432.51,432.51,0,143.0,143.0
659,2022-12-16,429.86,429.86,429.86,429.86,0,144.0,144.0
660,2022-12-19,428.8,428.8,428.8,428.8,0,145.0,145.0
661,2022-12-20,428.24,428.24,428.24,428.24,0,146.0,146.0
662,2022-12-21,431.93,431.93,431.93,431.93,0,147.0,147.0
663,2022-12-22,428.91,428.91,428.91,428.91,0,148.0,148.0
664,2022-12-23,428.04,428.04,428.04,428.04,0,149.0,149.0
665,2022-12-27,429.92,429.92,429.92,429.92,0,150.0,150.0
666,2022-12-28,429.28,429.28,429.28,429.28,0,151.0,151.0
667,2022-12-29,431.59,431.59,431.59,431.59,0,152.0,152.0
668,2022-12-30,429.91,429.91,429.91,429.91,0,153.0,153.0
669,2023-01-02,431.89,431.89,431.89,431.89,0,154.0,154.0
670,2023-01-03,434.46,434.46,434.46,434.46,0,155.0,155.0
671,2023-01-04,440.7,440.7,440.7,440.7,0,156.0,156.0
672,2023-01-05,442.78,442.78,442.78,442.78,0,157.0,157.0
673,2023-01-06,449.09,449.09,449.09,449.09,0,158.0,158.0
674,2023-01-09,447.76,447.76,447.76,447.76,0,159.0,159.0
675,2023-01-10,448.1,448.1,448.1,448.1,0,160.0,160.0
676,2023-01-11,449.88,449.88,449.88,449.88,0,161.0,161.0
677,2023-01-12,451.12,451.12,451.12,451.12,0,162.0,162.0
678,2023-01-13,453.08,453.08,453.08,453.08,0,163.0,163.0
679,2023-01-16,454.08,454.08,454.08,454.08,0,164.0,164.0
680,2023-01-17,453.11,453.11,453.11,453.11,0,165.0,165.0
681,2023-01-18,451.7,451.7,451.7,451.7,0,166.0,166.0
682,2023-01-20,451.19,451.19,451.19,451.19,0,167.0,167.0
683,2023-01-23,452.85,452.85,452.85,452.85,0,168.0,168.0
684,2023-01-24,454.76,454.76,454.76,454.76,0,169.0,169.0
685,2023-01-25,454.99,454.99,454.99,454.99,0,170.0,170.0
686,2023-01-26,457.41,457.41,457.41,457.41,0,171.0,171.0
687,2023-01-27,457.37,457.37,457.37,457.37,0,172.0,172.0
688,2023-01-30,457.28,457.28,457.28,457.28,0,173.0,173.0
689,2023-01-31,458.05,458.05,458.05,458.05,0,174.0,174.0
690,2023-02-01,460.23,460.23,460.23,460.23,0,175.0,175.0
691,2023-02-02,463.81,463.81,463.81,463.81,0,176.0,176.0
692,2023-02-03,461.77,461.77,461.77,461.77,0,177.0,177.0
693,2023-02-06,457.51,457.51,457.51,457.51,0,178.0,178.0
694,2023-02-07,459.36,459.36,459.36,459.36,0,179.0,179.0
695,2023-02-08,461.05,461.05,461.05,461.05,0,180.0,180.0
696,2023-02-09,463.53,463.53,463.53,463.53,0,181.0,181.0
697,2023-02-10,459.72,459.72,459.72,459.72,0,182.0,182.0
698,2023-02-13,463.35,463.35,463.35,463.35,0,183.0,183.0
699,2023-02-14,463.07,463.07,463.07,463.07,0,184.0,184.0
700,2023-02-15,463.57,463.57,463.57,463.57,0,185.0,185.0
701,2023-02-16,467.49,467.49,467.49,467.49,0,186.0,186.0
702,2023-02-17,466.95,466.95,466.95,466.95,0,187.0,187.0
703,2023-02-20,465.45,465.45,465.45,465.45,0,188.0,188.0
704,2023-02-21,464.39,464.39,464.39,464.39,0,189.0,189.0
705,2023-02-22,461.63,461.63,461.63,461.63,0,190.0,190.0
706,2023-02-23,460.61,460.61,460.61,460.61,0,191.0,191.0
707,2023-02-24,457.52,457.52,457.52,457.52,0,192.0,192.0
708,2023-02-27,462.02,462.02,462.02,462.02,0,193.0,193.0
709,2023-02-28,465.96,465.96,465.96,465.96,0,194.0,194.0
710,2023-03-01,462.65,462.65,462.65,462.65,0,195.0,195.0
711,2023-03-02,463.24,463.24,463.24,463.24,0,196.0,196.0
712,2023-03-03,466.86,466.86,466.86,466.86,0,197.0,197.0
713,2023-03-06,468.88,468.88,468.88,468.88,0,198.0,198.0
714,2023-03-07,465.4,465.4,465.4,465.4,0,199.0,199.0
715,2023-03-08,463.72,463.72,463.72,463.72,0,200.0,200.0
716,2023-03-09,461.55,461.55,461.55,461.55,0,201.0,201.0
717,2023-03-10,455.53,455.53,455.53,455.53,0,202.0,202.0
718,2023-03-13,448.18,448.18,448.18,448.18,0,203.0,203.0
719,2023-03-14,451.7,451.7,451.7,451.7,0,204.0,204.0
720,2023-03-15,444.18,444.18,444.18,444.18,0,205.0,205.0
721,2023-03-16,445.8,445.8,445.8,445.8,0,206.0,206.0
722,2023-03-17,442.64,442.64,442.64,442.64,0,207.0,207.0
723,2023-03-20,445.01,445.01,445.01,445.01,0,208.0,208.0
724,2023-03-21,448.79,448.79,448.79,448.79,0,209.0,209.0
725,2023-03-22,448.95,448.95,448.95,448.95,0,210.0,210.0
726,2023-03-23,449.22,449.22,449.22,449.22,0,211.0,211.0
727,2023-03-24,446.43,446.43,446.43,446.43,0,212.0,212.0
728,2023-03-27,447.88,447.88,447.88,447.88,0,213.0,213.0
729,2023-03-28,448.1,448.1,448.1,448.1,0,214.0,214.0
730,2023-03-29,448.95,448.95,448.95,448.95,0,215.0,215.0
731,2023-03-30,452.3,452.3,452.3,452.3,0,216.0,216.0
732,2023-03-31,454.99,454.99,454.99,454.99,0,217.0,217.0
733,2023-04-03,452.36,452.36,452.36,452.36,0,218.0,218.0
734,2023-04-04,452.24,452.24,452.24,452.24,0,219.0,219.0
735,2023-04-05,450.75,450.75,450.75,450.75,0,220.0,220.0
736,2023-04-06,450.27,450.27,450.27,450.27,0,221.0,221.0
737,2023-04-11,451.53,451.53,451.53,451.53,0,222.0,222.0
738,2023-04-12,451.18,451.18,451.18,451.18,0,223.0,223.0
739,2023-04-13,454.26,454.26,454.26,454.26,0,224.0,224.0
740,2023-04-14,457.05,457.05,457.05,457.05,0,225.0,225.0
741,2023-04-17,455.28,455.28,455.28,455.28,0,226.0,226.0
742,2023-04-18,457.23,457.23,457.23,457.23,0,227.0,227.0
743,2023-04-19,457.4,457.4,457.4,457.4,0,228.0,228.0
744,2023-04-20,457.08,457.08,457.08,457.08,0,229.0,229.0
745,2023-04-21,458.43,458.43,458.43,458.43,0,230.0,230.0
746,2023-04-24,459.45,459.45,459.45,459.45,0,231.0,231.0
747,2023-04-25,457.56,457.56,457.56,457.56,0,232.0,232.0
748,2023-04-26,453.38,453.38,453.38,453.38,0,233.0,233.0
749,2023-04-27,453.01,453.01,453.01,453.01,0,234.0,234.0
750,2023-04-28,453.43,453.43,453.43,453.43,0,235.0,235.0
751,2023-05-02,452.24,452.24,452.24,452.24,0,236.0,236.0
752,2023-05-03,449.08,449.08,449.08,449.08,0,237.0,237.0
753,2023-05-04,446.51,446.51,446.51,446.51,0,238.0,238.0
754,2023-05-05,448.62,448.62,448.62,448.62,0,239.0,239.0
755,2023-05-10,448.44,448.44,448.44,448.44,0,240.0,240.0
756,2023-05-11,451.06,451.06,451.06,451.06,0,241.0,241.0
757,2023-05-12,452.18,452.18,452.18,452.18,0,242.0,242.0
758,2023-05-15,452.87,452.87,452.87,452.87,0,243.0,243.0
759,2023-05-16,448.89,448.89,448.89,448.89,0,244.0,244.0
760,2023-05-17,448.28,448.28,448.28,448.28,0,245.0,245.0
761,2023-05-19,447.76,447.76,447.76,447.76,0,246.0,246.0
762,2023-05-22,447.26,447.26,447.26,447.26,0,247.0,247.0
763,2023-05-23,443.2,443.2,443.2,443.2,0,248.0,248.0
764,2023-05-24,440.08,440.08,440.08,440.08,0,249.0,249.0
765,2023-05-25,440.45,440.45,440.45,440.45,0,250.0,250.0
766,2023-05-26,441.93,441.93,441.93,441.93,0,251.0,251.0
767,2023-05-30,441.04,441.04,441.04,441.04,0,252.0,252.0
768,2023-05-31,437.85,437.85,437.85,437.85,0,253.0,253.0
769,2023-06-01,437.83,437.83,437.83,437.83,0,254.0,254.0
770,2023-06-02,441.79,441.79,441.79,441.79,0,255.0,255.0
771,2023-06-05,440.6,440.6,440.6,440.6,0,256.0,256.0
772,2023-06-06,439.53,439.53,439.53,439.53,0,257.0,257.0
773,2023-06-07,440.27,440.27,440.27,440.27,0,258.0,258.0
774,2023-06-08,438.87,438.87,438.87,438.87,0,259.0,259.0
775,2023-06-09,438.63,438.63,438.63,438.63,0,260.0,260.0
776,2023-06-12,438.85,438.85,438.85,438.85,0,261.0,261.0
777,2023-06-13,440.25,440.25,440.25,440.25,0,262.0,262.0
778,2023-06-14,441.21,441.21,441.21,441.21,0,263.0,263.0
779,2023-06-15,438.89,438.89,438.89,438.89,0,264.0,264.0
780,2023-06-16,442.89,442.89,442.89,442.89,0,265.0,265.0
781,2023-06-19,441.06,441.06,441.06,441.06,0,266.0,266.0
782,2023-06-21,438.68,438.68,438.68,438.68,0,267.0,267.0
783,2023-06-22,437.98,437.98,437.98,437.98,0,268.0,268.0
784,2023-06-26,436.92,436.92,436.92,436.92,0,269.0,269.0
785,2023-06-27,436.34,436.34,436.34,436.34,0,270.0,270.0
786,2023-06-28,437.96,437.96,437.96,437.96,0,271.0,271.0
787,2023-06-29,438.43,438.43,438.43,438.43,0,272.0,272.0
788,2023-06-30,440.53,440.53,440.53,440.53,0,273.0,273.0
789,2023-07-03,438.87,438.87,438.87,438.87,0,274.0,274.0
790,2023-07-04,439.86,439.86,439.86,439.86,0,275.0,275.0
791,2023-07-05,438.33,438.33,438.33,438.33,0,276.0,276.0
792,2023-07-06,432.55,432.55,432.55,432.55,0,277.0,277.0
793,2023-07-07,433.65,433.65,433.65,433.65,0,278.0,278.0
794,2023-07-10,435.53,435.53,435.53,435.53,0,279.0,279.0
795,2023-07-11,439.94,439.94,439.94,439.94,0,280.0,280.0
796,2023-07-12,443.42,443.42,443.42,443.42,0,281.0,281.0
797,2023-07-13,443.79,443.79,443.79,443.79,0,282.0,282.0
798,2023-07-17,441.98,441.98,441.98,441.98,0,283.0,283.0
799,2023-07-18,442.93,442.93,442.93,442.93,0,284.0,284.0
800,2023-07-19,443.81,443.81,443.81,443.81,0,285.0,285.0
801,2023-07-20,444.09,444.09,444.09,444.09,0,286.0,286.0
802,2023-07-21,444.86,444.86,444.86,444.86,0,287.0,287.0
803,2023-07-24,443.35,443.35,443.35,443.35,0,288.0,288.0
804,2023-07-25,443.34,443.34,443.34,443.34,0,289.0,289.0
805,2023-07-26,440.99,440.99,440.99,440.99,0,290.0,290.0
806,2023-07-27,443.26,443.26,443.26,443.26,0,291.0,291.0
807,2023-07-28,445.84,445.84,445.84,445.84,0,292.0,292.0
808,2023-07-31,447.0,447.0,447.0,447.0,0,293.0,293.0
809,2023-08-01,444.42,444.42,444.42,444.42,0,294.0,294.0
810,2023-08-02,440.8,440.8,440.8,440.8,0,295.0,295.0
811,2023-08-03,441.12,441.12,441.12,441.12,0,296.0,296.0
812,2023-08-04,441.6,441.6,441.6,441.6,0,297.0,297.0
813,2023-08-07,442.24,442.24,442.24,442.24,0,298.0,298.0
814,2023-08-08,440.84,440.84,440.84,440.84,0,299.0,299.0
815,2023-08-09,440.8,440.8,440.8,440.8,0,300.0,300.0
816,2023-08-10,443.2,443.2,443.2,443.2,0,301.0,301.0
817,2023-08-11,442.25,442.25,442.25,442.25,0,302.0,302.0
818,2023-08-14,443.59,443.59,443.59,443.59,0,303.0,303.0
819,2023-08-16,445.67,445.67,445.67,445.67,0,304.0,304.0
820,2023-08-17,444.55,444.55,444.55,444.55,0,305.0,305.0
821,2023-08-18,442.25,442.25,442.25,442.25,0,306.0,306.0
822,2023-08-21,443.32,443.32,443.32,443.32,0,307.0,307.0
823,2023-08-22,442.8,442.8,442.8,442.8,0,308.0,308.0
824,2023-08-23,441.75,441.75,441.75,441.75,0,309.0,309.0
825,2023-08-24,444.13,444.13,444.13,444.13,0,310.0,310.0
826,2023-08-25,443.46,443.46,443.46,443.46,0,311.0,311.0
827,2023-08-28,446.84,446.84,446.84,446.84,0,312.0,312.0
828,2023-08-29,449.29,449.29,449.29,449.29,0,313.0,313.0
829,2023-08-30,449.63,449.63,449.63,449.63,0,314.0,314.0
830,2023-08-31,451.43,451.43,451.43,451.43,0,315.0,315.0
831,2023-09-01,451.51,451.51,451.51,451.51,0,316.0,316.0
832,2023-09-04,452.37,452.37,452.37,452.37,0,317.0,317.0
833,2023-09-05,451.2,451.2,451.2,451.2,0,318.0,318.0
834,2023-09-06,446.61,446.61,446.61,446.61,0,319.0,319.0
835,2023-09-07,445.36,445.36,445.36,445.36,0,320.0,320.0
836,2023-09-08,446.69,446.69,446.69,446.69,0,321.0,321.0
837,2023-09-11,447.74,447.74,447.74,447.74,0,322.0,322.0
838,2023-09-12,448.01,448.01,448.01,448.01,0,323.0,323.0
839,2023-09-13,447.76,447.76,447.76,447.76,0,324.0,324.0
840,2023-09-14,450.64,450.64,450.64,450.64,0,325.0,325.0
841,2023-09-15,451.19,451.19,451.19,451.19,0,326.0,326.0
842,2023-09-18,448.63,448.63,448.63,448.63,0,327.0,327.0
843,2023-09-19,446.65,446.65,446.65,446.65,0,328.0,328.0
844,2023-09-20,447.79,447.79,447.79,447.79,0,329.0,329.0
845,2023-09-21,444.62,444.62,444.62,444.62,0,330.0,330.0
846,2023-09-22,444.5,444.5,444.5,444.5,0,331.0,331.0
847,2023-09-25,441.45,441.45,441.45,441.45,0,332.0,332.0
848,2023-09-26,439.33,439.33,439.33,439.33,0,333.0,333.0
849,2023-09-27,439.36,439.36,439.36,439.36,0,334.0,334.0
850,2023-09-28,439.6,439.6,439.6,439.6,0,335.0,335.0
851,2023-09-29,441.41,441.41,441.41,441.41,0,336.0,336.0
852,2023-10-02,440.4,440.4,440.4,440.4,0,337.0,337.0
853,2023-10-03,436.94,436.94,436.94,436.94,0,338.0,338.0
854,2023-10-04,436.09,436.09,436.09,436.09,0,339.0,339.0
855,2023-10-05,435.21,435.21,435.21,435.21,0,340.0,340.0
856,2023-10-06,437.67,437.67,437.67,437.67,0,341.0,341.0
857,2023-10-09,436.83,436.83,436.83,436.83,0,342.0,342.0
858,2023-10-10,440.58,440.58,440.58,440.58,0,343.0,343.0
859,2023-10-11,438.67,438.67,438.67,438.67,0,344.0,344.0
860,2023-10-12,437.04,437.04,437.04,437.04,0,345.0,345.0
861,2023-10-13,433.31,433.31,433.31,433.31,0,346.0,346.0
862,2023-10-16,435.06,435.06,435.06,435.06,0,347.0,347.0
863,2023-10-17,435.66,435.66,435.66,435.66,0,348.0,348.0
864,2023-10-18,431.88,431.88,431.88,431.88,0,349.0,349.0
865,2023-10-19,430.56,430.56,430.56,430.56,0,350.0,350.0
866,2023-10-20,427.29,427.29,427.29,427.29,0,351.0,351.0
867,2023-10-23,428.46,428.46,428.46,428.46,0,352.0,352.0
868,2023-10-24,430.11,430.11,430.11,430.11,0,353.0,353.0
869,2023-10-25,428.53,428.53,428.53,428.53,0,354.0,354.0
870,2023-10-26,428.07,428.07,428.07,428.07,0,355.0,355.0
871,2023-10-27,427.85,427.85,427.85,427.85,0,356.0,356.0
872,2023-10-30,428.96,428.96,428.96,428.96,0,357.0,357.0
873,2023-10-31,429.35,429.35,429.35,429.35,0,358.0,358.0
874,2023-11-02,433.81,433.81,433.81,433.81,0,359.0,359.0
875,2023-11-03,435.43,435.43,435.43,435.43,0,360.0,360.0
876,2023-11-06,435.78,435.78,435.78,435.78,0,361.0,361.0
877,2023-11-07,437.03,437.03,437.03,437.03,0,362.0,362.0
878,2023-11-08,438.78,438.78,438.78,438.78,0,363.0,363.0
879,2023-11-09,440.96,440.96,440.96,440.96,0,364.0,364.0
880,2023-11-10,439.08,439.08,439.08,439.08,0,365.0,365.0
881,2023-11-13,439.54,439.54,439.54,439.54,0,366.0,366.0
882,2023-11-14,444.92,444.92,444.92,444.92,0,367.0,367.0
883,2023-11-15,447.23,447.23,447.23,447.23,0,368.0,368.0
884,2023-11-16,444.0,444.0,444.0,444.0,0,369.0,369.0
885,2023-11-17,447.07,447.07,447.07,447.07,0,370.0,370.0
886,2023-11-20,448.05,448.05,448.05,448.05,0,371.0,371.0
887,2023-11-21,448.21,448.21,448.21,448.21,0,372.0,372.0
888,2023-11-22,451.65,451.65,451.65,451.65,0,373.0,373.0
889,2023-11-23,451.41,451.41,451.41,451.41,0,374.0,374.0
890,2023-11-24,451.86,451.86,451.86,451.86,0,375.0,375.0
891,2023-11-27,450.3,450.3,450.3,450.3,0,376.0,376.0
892,2023-11-28,450.05,450.05,450.05,450.05,0,377.0,377.0
893,2023-11-29,453.67,453.67,453.67,453.67,0,378.0,378.0
894,2023-11-30,456.77,456.77,456.77,456.77,0,379.0,379.0
895,2023-12-01,461.63,461.63,461.63,461.63,0,380.0,380.0
896,2023-12-04,461.38,461.38,461.38,461.38,0,381.0,381.0
897,2023-12-05,461.3,461.3,461.3,461.3,0,382.0,382.0
898,2023-12-06,463.89,463.89,463.89,463.89,0,383.0,383.0
899,2023-12-07,463.79,463.79,463.79,463.79,0,384.0,384.0
900,2023-12-08,466.23,466.23,466.23,466.23,0,385.0,385.0
901,2023-12-11,468.1,468.1,468.1,468.1,0,386.0,386.0
902,2023-12-12,469.17,469.17,469.17,469.17,0,387.0,387.0
903,2023-12-13,468.2,468.2,468.2,468.2,0,388.0,388.0
904,2023-12-14,473.72,473.72,473.72,473.72,0,389.0,389.0
905,2023-12-15,471.88,471.88,471.88,471.88,0,390.0,390.0
906,2023-12-18,470.84,470.84,470.84,470.84,0,391.0,391.0
907,2023-12-19,474.45,474.45,474.45,474.45,0,392.0,392.0
908,2023-12-20,473.07,473.07,473.07,473.07,0,393.0,393.0
909,2023-12-21,474.52,474.52,474.52,474.52,0,394.0,394.0
910,2023-12-22,472.33,472.33,472.33,472.33,0,395.0,395.0
911,2023-12-27,474.33,474.33,474.33,474.33,0,396.0,396.0
912,2023-12-28,472.81,472.81,472.81,472.81,0,397.0,397.0
913,2023-12-29,472.64,472.64,472.64,472.64,0,398.0,398.0
914,2024-01-02,466.61,466.61,466.61,466.61,0,399.0,399.0
915,2024-01-03,461.09,461.09,461.09,461.09,0,400.0,400.0
916,2024-01-04,456.62,456.62,456.62,456.62,0,401.0,401.0
917,2024-01-05,456.27,456.27,456.27,456.27,0,402.0,402.0
918,2024-01-08,461.78,461.78,461.78,461.78,0,403.0,403.0
919,2024-01-09,460.67,460.67,460.67,460.67,0,404.0,404.0
920,2024-01-10,462.35,462.35,462.35,462.35,0,405.0,405.0
921,2024-01-11,460.98,460.98,460.98,460.98,0,406.0,406.0
922,2024-01-12,464.19,464.19,464.19,464.19,0,407.0,407.0
923,2024-01-15,462.45,462.45,462.45,462.45,0,408.0,408.0
924,2024-01-16,460.69,460.69,460.69,460.69,0,409.0,409.0
925,2024-01-17,459.16,459.16,459.16,459.16,0,410.0,410.0
926,2024-01-18,463.69,463.69,463.69,463.69,0,411.0,411.0
927,2024-01-19,466.37,466.37,466.37,466.37,0,412.0,412.0
928,2024-01-22,468.76,468.76,468.76,468.76,0,413.0,413.0
929,2024-01-23,468.2,468.2,468.2,468.2,0,414.0,414.0
930,2024-01-24,471.23,471.23,471.23,471.23,0,415.0,415.0
931,2024-01-25,472.72,472.72,472.72,472.72,0,416.0,416.0
932,2024-01-26,473.22,473.22,473.22,473.22,0,417.0,417.0
933,2024-01-29,477.02,477.02,477.02,477.02,0,418.0,418.0
934,2024-01-30,478.16,478.16,478.16,478.16,0,419.0,419.0
935,2024-01-31,472.42,472.42,472.42,472.42,0,420.0,420.0
936,2024-02-01,473.95,473.95,473.95,473.95,0,421.0,421.0
937,2024-02-02,480.53,480.53,480.53,480.53,0,422.0,422.0
938,2024-02-05,480.44,480.44,480.44,480.44,0,423.0,423.0
939,2024-02-06,478.34,478.34,478.34,478.34,0,424.0,424.0
940,2024-02-07,480.28,480.28,480.28,480.28,0,425.0,425.0
941,2024-02-08,481.75,481.75,481.75,481.75,0,426.0,426.0
942,2024-02-09,483.84,483.84,483.84,483.84,0,427.0,427.0
943,2024-02-12,483.69,483.69,483.69,483.69,0,428.0,428.0
944,2024-02-13,478.5,478.5,478.5,478.5,0,429.0,429.0
945,2024-02-14,484.42,484.42,484.42,484.42,0,430.0,430.0
946,2024-02-15,485.26,485.26,485.26,485.26,0,431.0,431.0
947,2024-02-16,486.01,486.01,486.01,486.01,0,432.0,432.0
948,2024-02-19,486.19,486.19,486.19,486.19,0,433.0,433.0
949,2024-02-20,484.4,484.4,484.4,484.4,0,434.0,434.0
950,2024-02-21,484.02,484.02,484.02,484.02,0,435.0,435.0
951,2024-02-22,492.34,492.34,492.34,492.34,0,436.0,436.0
952,2024-02-23,492.88,492.88,492.88,492.88,0,437.0,437.0
953,2024-02-26,493.19,493.19,493.19,493.19,0,438.0,438.0
954,2024-02-27,493.31,493.31,493.31,493.31,0,439.0,439.0
955,2024-02-28,493.4,493.4,493.4,493.4,0,440.0,440.0
956,2024-02-29,495.5,495.5,495.5,495.5,0,441.0,441.0
957,2024-03-01,500.6,500.6,500.6,500.6,0,442.0,442.0
958,2024-03-04,501.88,501.88,501.88,501.88,0,443.0,443.0
959,2024-03-05,497.79,497.79,497.79,497.79,0,444.0,444.0
960,2024-03-06,499.89,499.89,499.89,499.89,0,445.0,445.0
961,2024-03-07,502.48,502.48,502.48,502.48,0,446.0,446.0
962,2024-03-08,499.92,499.92,499.92,499.92,0,447.0,447.0
963,2024-03-11,497.04,497.04,497.04,497.04,0,448.0,448.0
964,2024-03-12,504.16,504.16,504.16,504.16,0,449.0,449.0
965,2024-03-13,504.62,504.62,504.62,504.62,0,450.0,450.0
966,2024-03-14,504.35,504.35,504.35,504.35,0,451.0,451.0
967,2024-03-15,500.41,500.41,500.41,500.41,0,452.0,452.0
968,2024-03-18,502.03,502.03,502.03,502.03,0,453.0,453.0
969,2024-03-19,504.01,504.01,504.01,504.01,0,454.0,454.0
970,2024-03-20,506.83,506.83,506.83,506.83,0,455.0,455.0
971,2024-03-21,510.21,510.21,510.21,510.21,0,456.0,456.0
972,2024-03-22,509.69,509.69,509.69,509.69,0,457.0,457.0
973,2024-03-25,508.79,508.79,508.79,508.79,0,458.0,458.0
974,2024-03-26,510.14,510.14,510.14,510.14,0,459.0,459.0
975,2024-03-27,510.77,510.77,510.77,510.77,0,460.0,460.0
976,2024-03-28,512.17,512.17,512.17,512.17,0,461.0,461.0
977,2024-04-02,508.27,508.27,508.27,508.27,0,462.0,462.0
978,2024-04-03,508.74,508.74,508.74,508.74,0,463.0,463.0
979,2024-04-04,505.57,505.57,505.57,505.57,0,464.0,464.0
980,2024-04-05,507.11,507.11,507.11,507.11,0,465.0,465.0
981,2024-04-08,507.99,507.99,507.99,507.99,0,466.0,466.0
982,2024-04-09,505.52,505.52,505.52,505.52,0,467.0,467.0
983,2024-04-10,503.38,503.38,503.38,503.38,0,468.0,468.0
984,2024-04-11,503.93,503.93,503.93,503.93,0,469.0,469.0
985,2024-04-12,499.0,499.0,499.0,499.0,0,470.0,470.0
986,2024-04-15,496.52,496.52,496.52,496.52,0,471.0,471.0
987,2024-04-16,493.59,493.59,493.59,493.59,0,472.0,472.0
988,2024-04-17,491.29,491.29,491.29,491.29,0,473.0,473.0
989,2024-04-18,491.0,491.0,491.0,491.0,0,474.0,474.0
990,2024-04-19,483.5,483.5,483.5,483.5,0,475.0,475.0
991,2024-04-22,485.48,485.48,485.48,485.48,0,476.0,476.0
992,2024-04-23,493.57,493.57,493.57,493.57,0,477.0,477.0
993,2024-04-24,490.6,490.6,490.6,490.6,0,478.0,478.0
994,2024-04-25,485.95,485.95,485.95,485.95,0,479.0,479.0
995,2024-04-26,492.29,492.29,492.29,492.29,0,480.0,480.0
996,2024-04-29,491.16,491.16,491.16,491.16,0,481.0,481.0
997,2024-04-30,486.54,486.54,486.54,486.54,0,482.0,482.0
998,2024-05-02,485.91,485.91,485.91,485.91,0,483.0,483.0
999,2024-05-03,490.28,490.28,490.28,490.28,0,484.0,484.0
1000,2024-05-06,494.03,494.03,494.03,494.03,0,485.0,485.0
1001,2024-05-07,497.02,497.02,497.02,497.02,0,486.0,486.0
1002,2024-05-10,501.78,501.78,501.78,501.78,0,487.0,487.0
1003,2024-05-13,501.2,501.2,501.2,501.2,0,488.0,488.0
1004,2024-05-14,500.28,500.28,500.28,500.28,0,489.0,489.0
1005,2024-05-15,507.31,507.31,507.31,507.31,0,490.0,490.0
1006,2024-05-16,504.9,504.9,504.9,504.9,0,491.0,491.0
1007,2024-05-17,504.39,504.39,504.39,504.39,0,492.0,492.0
1008,2024-05-21,506.99,506.99,506.99,506.99,0,493.0,493.0
1009,2024-05-22,506.87,506.87,506.87,506.87,0,494.0,494.0
1010,2024-05-23,508.83,508.83,508.83,508.83,0,495.0,495.0
1011,2024-05-24,510.47,510.47,510.47,510.47,0,496.0,496.0
1012,2024-05-27,512.43,512.43,512.43,512.43,0,497.0,497.0
1013,2024-05-28,511.16,511.16,511.16,511.16,0,498.0,498.0
1014,2024-05-29,506.29,506.29,506.29,506.29,0,499.0,499.0
1015,2024-05-30,505.59,505.59,505.59,505.59,0,500.0,500.0
1016,2024-05-31,503.33,503.33,503.33,503.33,0,501.0,501.0
1017,2024-06-03,503.1,503.1,503.1,503.1,0,502.0,502.0
1018,2024-06-04,500.25,500.25,500.25,500.25,0,503.0,503.0
1019,2024-06-05,505.03,505.03,505.03,505.03,0,504.0,504.0
1020,2024-06-06,504.99,504.99,504.99,504.99,0,505.0,505.0
1021,2024-06-07,503.99,503.99,503.99,503.99,0,506.0,506.0
1022,2024-06-10,503.92,503.92,503.92,503.92,0,507.0,507.0
1023,2024-06-11,502.06,502.06,502.06,502.06,0,508.0,508.0
1024,2024-06-12,506.92,506.92,506.92,506.92,0,509.0,509.0
1025,2024-06-13,502.7,502.7,502.7,502.7,0,510.0,510.0
1026,2024-06-14,500.8,500.8,500.8,500.8,0,511.0,511.0
1027,2024-06-17,504.58,504.58,504.58,504.58,0,512.0,512.0
1028,2024-06-18,506.57,506.57,506.57,506.57,0,513.0,513.0
1029,2024-06-19,505.94,505.94,505.94,505.94,0,514.0,514.0
