,date,open,close,high,low,volumme
0,2015-09-25,108.88,108.88,108.88,108.88,0
1,2015-09-28,109.65,109.65,109.65,109.65,0
2,2015-09-29,108.27,108.27,108.27,108.27,0
3,2015-09-30,107.66,107.66,107.66,107.66,0
4,2015-10-01,108.29,108.29,108.29,108.29,0
5,2015-10-02,107.95,107.95,107.95,107.95,0
6,2015-10-05,107.79,107.79,107.79,107.79,0
7,2015-10-06,109.54,109.54,109.54,109.54,0
8,2015-10-07,110.77,110.77,110.77,110.77,0
9,2015-10-08,111.98,111.98,111.98,111.98,0
10,2015-10-09,112.26,112.26,112.26,112.26,0
11,2015-10-12,112.88,112.88,112.88,112.88,0
12,2015-10-13,112.16,112.16,112.16,112.16,0
13,2015-10-14,111.68,111.68,111.68,111.68,0
14,2015-10-15,111.4,111.4,111.4,111.4,0
15,2015-10-16,112.07,112.07,112.07,112.07,0
16,2015-10-19,111.7,111.7,111.7,111.7,0
17,2015-10-20,111.41,111.41,111.41,111.41,0
18,2015-10-21,110.94,110.94,110.94,110.94,0
19,2015-10-22,110.11,110.11,110.11,110.11,0
20,2015-10-23,110.7,110.7,110.7,110.7,0
21,2015-10-26,112.3,112.3,112.3,112.3,0
22,2015-10-27,112.06,112.06,112.06,112.06,0
23,2015-10-28,111.13,111.13,111.13,111.13,0
24,2015-10-29,111.11,111.11,111.11,111.11,0
25,2015-10-30,110.78,110.78,110.78,110.78,0
26,2015-11-02,111.06,111.06,111.06,111.06,0
27,2015-11-03,112.74,112.74,112.74,112.74,0
28,2015-11-04,113.21,113.21,113.21,113.21,0
29,2015-11-05,113.48,113.48,113.48,113.48,0
30,2015-11-06,111.87,111.87,111.87,111.87,0
31,2015-11-09,111.52,111.52,111.52,111.52,0
32,2015-11-10,112.07,112.07,112.07,112.07,0
33,2015-11-12,111.52,111.52,111.52,111.52,0
34,2015-11-13,110.94,110.94,110.94,110.94,0
35,2015-11-16,110.79,110.79,110.79,110.79,0
36,2015-11-17,110.15,110.15,110.15,110.15,0
37,2015-11-18,110.58,110.58,110.58,110.58,0
38,2015-11-19,110.0,110.0,110.0,110.0,0
39,2015-11-20,109.67,109.67,109.67,109.67,0
40,2015-11-23,109.28,109.28,109.28,109.28,0
41,2015-11-24,109.77,109.77,109.77,109.77,0
42,2015-11-25,108.67,108.67,108.67,108.67,0
43,2015-11-26,108.83,108.83,108.83,108.83,0
44,2015-11-27,109.14,109.14,109.14,109.14,0
45,2015-11-30,109.75,109.75,109.75,109.75,0
46,2015-12-01,108.74,108.74,108.74,108.74,0
47,2015-12-02,108.38,108.38,108.38,108.38,0
48,2015-12-03,107.99,107.99,107.99,107.99,0
49,2015-12-04,107.56,107.56,107.56,107.56,0
50,2015-12-07,107.18,107.18,107.18,107.18,0
51,2015-12-08,106.55,106.55,106.55,106.55,0
52,2015-12-09,106.39,106.39,106.39,106.39,0
53,2015-12-10,106.24,106.24,106.24,106.24,0
54,2015-12-11,105.76,105.76,105.76,105.76,0
55,2015-12-14,105.26,105.26,105.26,105.26,0
56,2015-12-15,104.62,104.62,104.62,104.62,0
57,2015-12-16,105.33,105.33,105.33,105.33,0
58,2015-12-17,106.73,106.73,106.73,106.73,0
59,2015-12-18,107.03,107.03,107.03,107.03,0
60,2015-12-21,106.3,106.3,106.3,106.3,0
61,2015-12-22,105.43,105.43,105.43,105.43,0
62,2015-12-23,105.5,105.5,105.5,105.5,0
63,2015-12-24,106.9,106.9,106.9,106.9,0
64,2015-12-28,106.89,106.89,106.89,106.89,0
65,2015-12-29,106.97,106.97,106.97,106.97,0
66,2015-12-30,106.98,106.98,106.98,106.98,0
67,2015-12-31,106.94,106.94,106.94,106.94,0
68,2016-01-04,107.1,107.1,107.1,107.1,0
69,2016-01-05,106.53,106.53,106.53,106.53,0
70,2016-01-06,107.47,107.47,107.47,107.47,0
71,2016-01-07,106.77,106.77,106.77,106.77,0
72,2016-01-08,105.86,105.86,105.86,105.86,0
73,2016-01-11,105.2,105.2,105.2,105.2,0
74,2016-01-12,104.64,104.64,104.64,104.64,0
75,2016-01-13,105.02,105.02,105.02,105.02,0
76,2016-01-14,104.81,104.81,104.81,104.81,0
77,2016-01-15,103.63,103.63,103.63,103.63,0
78,2016-01-18,102.16,102.16,102.16,102.16,0
79,2016-01-19,101.83,101.83,101.83,101.83,0
80,2016-01-20,102.22,102.22,102.22,102.22,0
81,2016-01-21,99.87,99.87,99.87,99.87,0
82,2016-01-22,100.64,100.64,100.64,100.64,0
83,2016-01-25,101.8,101.8,101.8,101.8,0
84,2016-01-26,101.35,101.35,101.35,101.35,0
85,2016-01-27,101.81,101.81,101.81,101.81,0
86,2016-01-28,101.95,101.95,101.95,101.95,0
87,2016-01-29,100.64,100.64,100.64,100.64,0
88,2016-02-01,102.02,102.02,102.02,102.02,0
89,2016-02-02,102.12,102.12,102.12,102.12,0
90,2016-02-03,101.37,101.37,101.37,101.37,0
91,2016-02-04,99.88,99.88,99.88,99.88,0
92,2016-02-05,99.34,99.34,99.34,99.34,0
93,2016-02-08,98.1,98.1,98.1,98.1,0
94,2016-02-09,95.25,95.25,95.25,95.25,0
95,2016-02-10,94.26,94.26,94.26,94.26,0
96,2016-02-11,95.13,95.13,95.13,95.13,0
97,2016-02-12,93.78,93.78,93.78,93.78,0
98,2016-02-15,94.9,94.9,94.9,94.9,0
99,2016-02-16,96.91,96.91,96.91,96.91,0
100,2016-02-17,96.52,96.52,96.52,96.52,0
101,2016-02-18,98.26,98.26,98.26,98.26,0
102,2016-02-19,98.36,98.36,98.36,98.36,0
103,2016-02-22,97.86,97.86,97.86,97.86,0
104,2016-02-23,99.01,99.01,99.01,99.01,0
105,2016-02-24,98.79,98.79,98.79,98.79,0
106,2016-02-25,97.54,97.54,97.54,97.54,0
107,2016-02-26,98.49,98.49,98.49,98.49,0
108,2016-02-29,99.25,99.25,99.25,99.25,0
109,2016-03-01,99.34,99.34,99.34,99.34,0
110,2016-03-02,100.59,100.59,100.59,100.59,0
111,2016-03-03,100.27,100.27,100.27,100.27,0
112,2016-03-04,99.68,99.68,99.68,99.68,0
113,2016-03-07,100.1,100.1,100.1,100.1,0
114,2016-03-08,99.83,99.83,99.83,99.83,0
115,2016-03-09,99.64,99.64,99.64,99.64,0
116,2016-03-10,99.89,99.89,99.89,99.89,0
117,2016-03-11,99.52,99.52,99.52,99.52,0
118,2016-03-14,100.59,100.59,100.59,100.59,0
119,2016-03-15,100.73,100.73,100.73,100.73,0
120,2016-03-16,100.28,100.28,100.28,100.28,0
121,2016-03-17,100.35,100.35,100.35,100.35,0
122,2016-03-18,100.74,100.74,100.74,100.74,0
123,2016-03-21,100.69,100.69,100.69,100.69,0
124,2016-03-22,100.88,100.88,100.88,100.88,0
125,2016-03-23,100.94,100.94,100.94,100.94,0
126,2016-03-24,100.96,100.96,100.96,100.96,0
127,2016-03-29,100.56,100.56,100.56,100.56,0
128,2016-03-30,100.96,100.96,100.96,100.96,0
129,2016-03-31,101.31,101.31,101.31,101.31,0
130,2016-04-01,100.73,100.73,100.73,100.73,0
131,2016-04-04,100.25,100.25,100.25,100.25,0
132,2016-04-05,100.11,100.11,100.11,100.11,0
133,2016-04-06,99.34,99.34,99.34,99.34,0
134,2016-04-07,99.81,99.81,99.81,99.81,0
135,2016-04-08,100.05,100.05,100.05,100.05,0
136,2016-04-11,100.24,100.24,100.24,100.24,0
137,2016-04-12,100.23,100.23,100.23,100.23,0
138,2016-04-13,100.26,100.26,100.26,100.26,0
139,2016-04-14,100.58,100.58,100.58,100.58,0
140,2016-04-15,100.8,100.8,100.8,100.8,0
141,2016-04-18,100.74,100.74,100.74,100.74,0
142,2016-04-19,101.06,101.06,101.06,101.06,0
143,2016-04-20,101.83,101.83,101.83,101.83,0
144,2016-04-21,101.41,101.41,101.41,101.41,0
145,2016-04-22,100.88,100.88,100.88,100.88,0
146,2016-04-25,100.55,100.55,100.55,100.55,0
147,2016-04-26,100.54,100.54,100.54,100.54,0
148,2016-04-27,100.27,100.27,100.27,100.27,0
149,2016-04-28,100.44,100.44,100.44,100.44,0
150,2016-04-29,100.54,100.54,100.54,100.54,0
151,2016-05-02,99.46,99.46,99.46,99.46,0
152,2016-05-03,99.64,99.64,99.64,99.64,0
153,2016-05-04,99.2,99.2,99.2,99.2,0
154,2016-05-06,98.58,98.58,98.58,98.58,0
155,2016-05-09,98.32,98.32,98.32,98.32,0
156,2016-05-10,99.11,99.11,99.11,99.11,0
157,2016-05-11,99.53,99.53,99.53,99.53,0
158,2016-05-12,99.58,99.58,99.58,99.58,0
159,2016-05-13,99.25,99.25,99.25,99.25,0
160,2016-05-17,99.84,99.84,99.84,99.84,0
161,2016-05-18,99.78,99.78,99.78,99.78,0
162,2016-05-19,100.16,100.16,100.16,100.16,0
163,2016-05-20,99.27,99.27,99.27,99.27,0
164,2016-05-23,100.21,100.21,100.21,100.21,0
165,2016-05-24,100.02,100.02,100.02,100.02,0
166,2016-05-25,101.25,101.25,101.25,101.25,0
167,2016-05-26,101.57,101.57,101.57,101.57,0
168,2016-05-27,101.63,101.63,101.63,101.63,0
169,2016-05-30,101.74,101.74,101.74,101.74,0
170,2016-05-31,101.87,101.87,101.87,101.87,0
171,2016-06-01,101.44,101.44,101.44,101.44,0
172,2016-06-02,101.41,101.41,101.41,101.41,0
173,2016-06-03,101.53,101.53,101.53,101.53,0
174,2016-06-06,100.94,100.94,100.94,100.94,0
175,2016-06-07,101.31,101.31,101.31,101.31,0
176,2016-06-08,101.65,101.65,101.65,101.65,0
177,2016-06-09,101.41,101.41,101.41,101.41,0
178,2016-06-10,101.12,101.12,101.12,101.12,0
179,2016-06-13,99.37,99.37,99.37,99.37,0
180,2016-06-14,98.2,98.2,98.2,98.2,0
181,2016-06-15,96.9,96.9,96.9,96.9,0
182,2016-06-16,97.12,97.12,97.12,97.12,0
183,2016-06-17,96.88,96.88,96.88,96.88,0
184,2016-06-20,97.23,97.23,97.23,97.23,0
185,2016-06-21,99.37,99.37,99.37,99.37,0
186,2016-06-22,100.0,100.0,100.0,100.0,0
187,2016-06-23,100.15,100.15,100.15,100.15,0
188,2016-06-24,99.82,99.82,99.82,99.82,0
189,2016-06-27,97.83,97.83,97.83,97.83,0
190,2016-06-28,95.67,95.67,95.67,95.67,0
191,2016-06-29,97.43,97.43,97.43,97.43,0
192,2016-06-30,99.71,99.71,99.71,99.71,0
193,2016-07-01,100.5,100.5,100.5,100.5,0
194,2016-07-04,101.23,101.23,101.23,101.23,0
195,2016-07-05,100.81,100.81,100.81,100.81,0
196,2016-07-06,100.19,100.19,100.19,100.19,0
197,2016-07-07,99.23,99.23,99.23,99.23,0
198,2016-07-08,100.02,100.02,100.02,100.02,0
199,2016-07-11,100.73,100.73,100.73,100.73,0
200,2016-07-12,101.96,101.96,101.96,101.96,0
201,2016-07-13,102.31,102.31,102.31,102.31,0
202,2016-07-15,102.19,102.19,102.19,102.19,0
203,2016-07-18,102.12,102.12,102.12,102.12,0
204,2016-07-19,102.24,102.24,102.24,102.24,0
205,2016-07-20,102.11,102.11,102.11,102.11,0
206,2016-07-21,102.79,102.79,102.79,102.79,0
207,2016-07-22,102.6,102.6,102.6,102.6,0
208,2016-07-25,102.77,102.77,102.77,102.77,0
209,2016-07-26,102.94,102.94,102.94,102.94,0
210,2016-07-27,103.42,103.42,103.42,103.42,0
211,2016-07-28,103.5,103.5,103.5,103.5,0
212,2016-07-29,102.61,102.61,102.61,102.61,0
213,2016-08-01,103.0,103.0,103.0,103.0,0
214,2016-08-02,102.71,102.71,102.71,102.71,0
215,2016-08-03,102.02,102.02,102.02,102.02,0
216,2016-08-04,101.67,101.67,101.67,101.67,0
217,2016-08-05,102.26,102.26,102.26,102.26,0
218,2016-08-08,102.95,102.95,102.95,102.95,0
219,2016-08-09,102.6,102.6,102.6,102.6,0
220,2016-08-10,104.17,104.17,104.17,104.17,0
221,2016-08-11,103.94,103.94,103.94,103.94,0
222,2016-08-12,104.59,104.59,104.59,104.59,0
223,2016-08-16,104.6,104.6,104.6,104.6,0
224,2016-08-17,104.16,104.16,104.16,104.16,0
225,2016-08-18,103.42,103.42,103.42,103.42,0
226,2016-08-19,103.98,103.98,103.98,103.98,0
227,2016-08-22,103.66,103.66,103.66,103.66,0
228,2016-08-23,103.72,103.72,103.72,103.72,0
229,2016-08-24,104.34,104.34,104.34,104.34,0
230,2016-08-25,104.44,104.44,104.44,104.44,0
231,2016-08-26,103.81,103.81,103.81,103.81,0
232,2016-08-29,103.95,103.95,103.95,103.95,0
233,2016-08-30,103.86,103.86,103.86,103.86,0
234,2016-08-31,104.14,104.14,104.14,104.14,0
235,2016-09-01,103.88,103.88,103.88,103.88,0
236,2016-09-02,103.87,103.87,103.87,103.87,0
237,2016-09-05,105.25,105.25,105.25,105.25,0
238,2016-09-06,105.32,105.32,105.32,105.32,0
239,2016-09-07,105.38,105.38,105.38,105.38,0
240,2016-09-08,105.78,105.78,105.78,105.78,0
241,2016-09-09,105.2,105.2,105.2,105.2,0
242,2016-09-12,104.09,104.09,104.09,104.09,0
243,2016-09-13,103.4,103.4,103.4,103.4,0
244,2016-09-14,103.09,103.09,103.09,103.09,0
245,2016-09-15,103.13,103.13,103.13,103.13,0
246,2016-09-16,103.52,103.52,103.52,103.52,0
247,2016-09-19,103.14,103.14,103.14,103.14,0
248,2016-09-20,104.1,104.1,104.1,104.1,0
249,2016-09-21,104.42,104.42,104.42,104.42,0
250,2016-09-22,104.45,104.45,104.45,104.45,0
251,2016-09-23,105.44,105.44,105.44,105.44,0
252,2016-09-26,104.88,104.88,104.88,104.88,0
253,2016-09-27,103.79,103.79,103.79,103.79,0
254,2016-09-28,103.79,103.79,103.79,103.79,0
255,2016-09-29,104.36,104.36,104.36,104.36,0
256,2016-09-30,104.23,104.23,104.23,104.23,0
257,2016-10-03,104.17,104.17,104.17,104.17,0
258,2016-10-04,104.47,104.47,104.47,104.47,0
259,2016-10-05,105.13,105.13,105.13,105.13,0
260,2016-10-06,104.15,104.15,104.15,104.15,0
261,2016-10-07,103.72,103.72,103.72,103.72,0
262,2016-10-10,103.0,103.0,103.0,103.0,0
263,2016-10-11,103.81,103.81,103.81,103.81,0
264,2016-10-12,103.14,103.14,103.14,103.14,0
265,2016-10-13,102.64,102.64,102.64,102.64,0
266,2016-10-14,102.05,102.05,102.05,102.05,0
267,2016-10-17,102.94,102.94,102.94,102.94,0
268,2016-10-18,102.25,102.25,102.25,102.25,0
269,2016-10-19,103.0,103.0,103.0,103.0,0
270,2016-10-20,102.92,102.92,102.92,102.92,0
271,2016-10-21,102.79,102.79,102.79,102.79,0
272,2016-10-24,102.81,102.81,102.81,102.81,0
273,2016-10-25,102.73,102.73,102.73,102.73,0
274,2016-10-26,101.95,101.95,101.95,101.95,0
275,2016-10-27,101.24,101.24,101.24,101.24,0
276,2016-10-28,101.29,101.29,101.29,101.29,0
277,2016-10-31,100.47,100.47,100.47,100.47,0
278,2016-11-02,99.35,99.35,99.35,99.35,0
279,2016-11-03,98.37,98.37,98.37,98.37,0
280,2016-11-04,98.13,98.13,98.13,98.13,0
281,2016-11-07,97.15,97.15,97.15,97.15,0
282,2016-11-08,98.56,98.56,98.56,98.56,0
283,2016-11-09,98.65,98.65,98.65,98.65,0
284,2016-11-10,99.93,99.93,99.93,99.93,0
285,2016-11-14,99.01,99.01,99.01,99.01,0
286,2016-11-15,98.89,98.89,98.89,98.89,0
287,2016-11-16,99.32,99.32,99.32,99.32,0
288,2016-11-17,99.27,99.27,99.27,99.27,0
289,2016-11-18,99.72,99.72,99.72,99.72,0
290,2016-11-21,99.68,99.68,99.68,99.68,0
291,2016-11-22,99.74,99.74,99.74,99.74,0
292,2016-11-23,99.6,99.6,99.6,99.6,0
293,2016-11-24,99.72,99.72,99.72,99.72,0
294,2016-11-25,100.1,100.1,100.1,100.1,0
295,2016-11-28,100.4,100.4,100.4,100.4,0
296,2016-11-29,99.72,99.72,99.72,99.72,0
297,2016-11-30,100.02,100.02,100.02,100.02,0
298,2016-12-01,100.51,100.51,100.51,100.51,0
299,2016-12-02,99.68,99.68,99.68,99.68,0
300,2016-12-05,99.29,99.29,99.29,99.29,0
301,2016-12-06,99.78,99.78,99.78,99.78,0
302,2016-12-07,100.77,100.77,100.77,100.77,0
303,2016-12-08,101.41,101.41,101.41,101.41,0
304,2016-12-09,102.78,102.78,102.78,102.78,0
305,2016-12-12,104.09,104.09,104.09,104.09,0
306,2016-12-13,103.7,103.7,103.7,103.7,0
307,2016-12-14,104.84,104.84,104.84,104.84,0
308,2016-12-15,104.27,104.27,104.27,104.27,0
309,2016-12-16,105.26,105.26,105.26,105.26,0
310,2016-12-19,105.53,105.53,105.53,105.53,0
311,2016-12-20,105.59,105.59,105.59,105.59,0
312,2016-12-21,105.84,105.84,105.84,105.84,0
313,2016-12-22,105.74,105.74,105.74,105.74,0
314,2016-12-23,106.01,106.01,106.01,106.01,0
315,2016-12-27,106.21,106.21,106.21,106.21,0
316,2016-12-28,106.33,106.33,106.33,106.33,0
317,2016-12-29,106.63,106.63,106.63,106.63,0
318,2016-12-30,106.37,106.37,106.37,106.37,0
319,2017-01-02,106.64,106.64,106.64,106.64,0
320,2017-01-03,107.22,107.22,107.22,107.22,0
321,2017-01-04,107.57,107.57,107.57,107.57,0
322,2017-01-05,107.55,107.55,107.55,107.55,0
323,2017-01-06,107.66,107.66,107.66,107.66,0
324,2017-01-09,107.69,107.69,107.69,107.69,0
325,2017-01-10,107.16,107.16,107.16,107.16,0
326,2017-01-11,107.09,107.09,107.09,107.09,0
327,2017-01-12,107.13,107.13,107.13,107.13,0
328,2017-01-13,106.51,106.51,106.51,106.51,0
329,2017-01-16,107.25,107.25,107.25,107.25,0
330,2017-01-17,106.8,106.8,106.8,106.8,0
331,2017-01-18,106.5,106.5,106.5,106.5,0
332,2017-01-19,106.47,106.47,106.47,106.47,0
333,2017-01-20,106.47,106.47,106.47,106.47,0
334,2017-01-23,106.57,106.57,106.57,106.57,0
335,2017-01-24,106.5,106.5,106.5,106.5,0
336,2017-01-25,106.68,106.68,106.68,106.68,0
337,2017-01-26,107.43,107.43,107.43,107.43,0
338,2017-01-27,107.31,107.31,107.31,107.31,0
339,2017-01-30,107.4,107.4,107.4,107.4,0
340,2017-01-31,106.7,106.7,106.7,106.7,0
341,2017-02-01,106.15,106.15,106.15,106.15,0
342,2017-02-02,106.91,106.91,106.91,106.91,0
343,2017-02-03,106.91,106.91,106.91,106.91,0
344,2017-02-06,107.63,107.63,107.63,107.63,0
345,2017-02-07,106.8,106.8,106.8,106.8,0
346,2017-02-08,106.96,106.96,106.96,106.96,0
347,2017-02-09,107.33,107.33,107.33,107.33,0
348,2017-02-10,108.05,108.05,108.05,108.05,0
349,2017-02-13,107.85,107.85,107.85,107.85,0
350,2017-02-14,108.36,108.36,108.36,108.36,0
351,2017-02-15,108.41,108.41,108.41,108.41,0
352,2017-02-16,108.72,108.72,108.72,108.72,0
353,2017-02-17,108.66,108.66,108.66,108.66,0
354,2017-02-20,109.02,109.02,109.02,109.02,0
355,2017-02-21,108.87,108.87,108.87,108.87,0
356,2017-02-22,109.2,109.2,109.2,109.2,0
357,2017-02-23,109.38,109.38,109.38,109.38,0
358,2017-02-24,109.32,109.32,109.32,109.32,0
359,2017-02-27,108.45,108.45,108.45,108.45,0
360,2017-02-28,108.58,108.58,108.58,108.58,0
361,2017-03-01,108.77,108.77,108.77,108.77,0
362,2017-03-02,110.14,110.14,110.14,110.14,0
363,2017-03-03,110.13,110.13,110.13,110.13,0
364,2017-03-06,109.64,109.64,109.64,109.64,0
365,2017-03-07,109.29,109.29,109.29,109.29,0
366,2017-03-08,109.04,109.04,109.04,109.04,0
367,2017-03-09,108.99,108.99,108.99,108.99,0
368,2017-03-10,109.48,109.48,109.48,109.48,0
369,2017-03-13,109.64,109.64,109.64,109.64,0
370,2017-03-14,109.87,109.87,109.87,109.87,0
371,2017-03-15,109.55,109.55,109.55,109.55,0
372,2017-03-16,109.67,109.67,109.67,109.67,0
373,2017-03-17,110.42,110.42,110.42,110.42,0
374,2017-03-20,110.52,110.52,110.52,110.52,0
375,2017-03-21,110.27,110.27,110.27,110.27,0
376,2017-03-22,109.61,109.61,109.61,109.61,0
377,2017-03-23,109.11,109.11,109.11,109.11,0
378,2017-03-24,109.74,109.74,109.74,109.74,0
379,2017-03-27,110.03,110.03,110.03,110.03,0
380,2017-03-28,110.0,110.0,110.0,110.0,0
381,2017-03-29,110.41,110.41,110.41,110.41,0
382,2017-03-31,110.97,110.97,110.97,110.97,0
383,2017-04-03,111.27,111.27,111.27,111.27,0
384,2017-04-04,110.99,110.99,110.99,110.99,0
385,2017-04-05,111.14,111.14,111.14,111.14,0
386,2017-04-06,111.18,111.18,111.18,111.18,0
387,2017-04-07,111.33,111.33,111.33,111.33,0
388,2017-04-10,111.65,111.65,111.65,111.65,0
389,2017-04-11,111.75,111.75,111.75,111.75,0
390,2017-04-12,111.75,111.75,111.75,111.75,0
391,2017-04-13,111.96,111.96,111.96,111.96,0
392,2017-04-18,111.94,111.94,111.94,111.94,0
393,2017-04-19,110.93,110.93,110.93,110.93,0
394,2017-04-20,111.18,111.18,111.18,111.18,0
395,2017-04-21,111.46,111.46,111.46,111.46,0
396,2017-04-24,111.38,111.38,111.38,111.38,0
397,2017-04-25,113.14,113.14,113.14,113.14,0
398,2017-04-26,113.64,113.64,113.64,113.64,0
399,2017-04-27,113.93,113.93,113.93,113.93,0
400,2017-04-28,114.23,114.23,114.23,114.23,0
401,2017-05-02,114.37,114.37,114.37,114.37,0
402,2017-05-03,115.42,115.42,115.42,115.42,0
403,2017-05-04,115.82,115.82,115.82,115.82,0
404,2017-05-05,116.47,116.47,116.47,116.47,0
405,2017-05-09,116.84,116.84,116.84,116.84,0
406,2017-05-10,116.86,116.86,116.86,116.86,0
407,2017-05-11,116.96,116.96,116.96,116.96,0
408,2017-05-12,116.58,116.58,116.58,116.58,0
409,2017-05-15,116.95,116.95,116.95,116.95,0
410,2017-05-16,117.1,117.1,117.1,117.1,0
411,2017-05-17,117.09,117.09,117.09,117.09,0
412,2017-05-18,115.78,115.78,115.78,115.78,0
413,2017-05-19,115.32,115.32,115.32,115.32,0
414,2017-05-22,116.04,116.04,116.04,116.04,0
415,2017-05-23,115.7,115.7,115.7,115.7,0
416,2017-05-24,116.04,116.04,116.04,116.04,0
417,2017-05-26,116.68,116.68,116.68,116.68,0
418,2017-05-29,116.65,116.65,116.65,116.65,0
419,2017-05-30,116.6,116.6,116.6,116.6,0
420,2017-05-31,116.56,116.56,116.56,116.56,0
421,2017-06-02,117.23,117.23,117.23,117.23,0
422,2017-06-06,117.5,117.5,117.5,117.5,0
423,2017-06-07,116.89,116.89,116.89,116.89,0
424,2017-06-08,116.85,116.85,116.85,116.85,0
425,2017-06-09,116.93,116.93,116.93,116.93,0
426,2017-06-12,117.32,117.32,117.32,117.32,0
427,2017-06-13,115.88,115.88,115.88,115.88,0
428,2017-06-14,116.44,116.44,116.44,116.44,0
429,2017-06-15,116.33,116.33,116.33,116.33,0
430,2017-06-16,115.79,115.79,115.79,115.79,0
431,2017-06-19,116.77,116.77,116.77,116.77,0
432,2017-06-20,117.5,117.5,117.5,117.5,0
433,2017-06-21,117.22,117.22,117.22,117.22,0
434,2017-06-22,117.07,117.07,117.07,117.07,0
435,2017-06-23,117.21,117.21,117.21,117.21,0
436,2017-06-26,116.86,116.86,116.86,116.86,0
437,2017-06-27,117.46,117.46,117.46,117.46,0
438,2017-06-28,116.38,116.38,116.38,116.38,0
439,2017-06-29,116.15,116.15,116.15,116.15,0
440,2017-06-30,114.27,114.27,114.27,114.27,0
441,2017-07-03,114.07,114.07,114.07,114.07,0
442,2017-07-04,114.43,114.43,114.43,114.43,0
443,2017-07-05,113.82,113.82,113.82,113.82,0
444,2017-07-06,114.09,114.09,114.09,114.09,0
445,2017-07-07,113.47,113.47,113.47,113.47,0
446,2017-07-11,113.83,113.83,113.83,113.83,0
447,2017-07-12,113.24,113.24,113.24,113.24,0
448,2017-07-13,114.55,114.55,114.55,114.55,0
449,2017-07-18,115.15,115.15,115.15,115.15,0
450,2017-07-19,114.55,114.55,114.55,114.55,0
451,2017-07-20,115.32,115.32,115.32,115.32,0
452,2017-07-21,114.89,114.89,114.89,114.89,0
453,2017-07-24,114.05,114.05,114.05,114.05,0
454,2017-07-25,113.7,113.7,113.7,113.7,0
455,2017-07-26,114.07,114.07,114.07,114.07,0
456,2017-07-27,114.52,114.52,114.52,114.52,0
457,2017-07-28,114.66,114.66,114.66,114.66,0
458,2017-07-31,113.57,113.57,113.57,113.57,0
459,2017-08-01,113.64,113.64,113.64,113.64,0
460,2017-08-02,114.2,114.2,114.2,114.2,0
461,2017-08-03,113.38,113.38,113.38,113.38,0
462,2017-08-04,113.23,113.23,113.23,113.23,0
463,2017-08-07,113.81,113.81,113.81,113.81,0
464,2017-08-08,113.77,113.77,113.77,113.77,0
465,2017-08-09,113.61,113.61,113.61,113.61,0
466,2017-08-10,112.86,112.86,112.86,112.86,0
467,2017-08-11,112.27,112.27,112.27,112.27,0
468,2017-08-14,111.4,111.4,111.4,111.4,0
469,2017-08-16,112.78,112.78,112.78,112.78,0
470,2017-08-17,113.38,113.38,113.38,113.38,0
471,2017-08-18,112.94,112.94,112.94,112.94,0
472,2017-08-21,112.09,112.09,112.09,112.09,0
473,2017-08-22,111.56,111.56,111.56,111.56,0
474,2017-08-23,112.58,112.58,112.58,112.58,0
475,2017-08-24,111.87,111.87,111.87,111.87,0
476,2017-08-25,111.85,111.85,111.85,111.85,0
477,2017-08-28,111.76,111.76,111.76,111.76,0
478,2017-08-29,111.62,111.62,111.62,111.62,0
479,2017-08-30,110.68,110.68,110.68,110.68,0
480,2017-08-31,111.09,111.09,111.09,111.09,0
481,2017-09-01,112.1,112.1,112.1,112.1,0
482,2017-09-04,112.59,112.59,112.59,112.59,0
483,2017-09-05,111.83,111.83,111.83,111.83,0
484,2017-09-06,111.67,111.67,111.67,111.67,0
485,2017-09-07,111.76,111.76,111.76,111.76,0
486,2017-09-08,111.98,111.98,111.98,111.98,0
487,2017-09-11,111.92,111.92,111.92,111.92,0
488,2017-09-12,112.87,112.87,112.87,112.87,0
489,2017-09-13,112.93,112.93,112.93,112.93,0
490,2017-09-14,113.08,113.08,113.08,113.08,0
491,2017-09-15,113.11,113.11,113.11,113.11,0
492,2017-09-18,112.71,112.71,112.71,112.71,0
493,2017-09-19,113.13,113.13,113.13,113.13,0
494,2017-09-20,112.99,112.99,112.99,112.99,0
495,2017-09-21,112.77,112.77,112.77,112.77,0
496,2017-09-22,112.92,112.92,112.92,112.92,0
497,2017-09-25,113.25,113.25,113.25,113.25,0
498,2017-09-26,113.35,113.35,113.35,113.35,0
499,2017-09-27,113.2,113.2,113.2,113.2,0
500,2017-09-28,113.97,113.97,113.97,113.97,0
501,2017-09-29,114.13,114.13,114.13,114.13,0
502,2017-10-02,114.37,114.37,114.37,114.37,0
503,2017-10-03,114.98,114.98,114.98,114.98,0
504,2017-10-04,115.03,115.03,115.03,115.03,0
505,2017-10-05,115.0,115.0,115.0,115.0,0
506,2017-10-06,115.13,115.13,115.13,115.13,0
507,2017-10-09,114.82,114.82,114.82,114.82,0
508,2017-10-10,115.12,115.12,115.12,115.12,0
509,2017-10-11,115.08,115.08,115.08,115.08,0
510,2017-10-12,115.18,115.18,115.18,115.18,0
511,2017-10-13,115.39,115.39,115.39,115.39,0
512,2017-10-17,114.65,114.65,114.65,114.65,0
513,2017-10-18,114.7,114.7,114.7,114.7,0
514,2017-10-19,114.8,114.8,114.8,114.8,0
515,2017-10-20,114.01,114.01,114.01,114.01,0
516,2017-10-23,113.97,113.97,113.97,113.97,0
517,2017-10-24,113.89,113.89,113.89,113.89,0
518,2017-10-25,113.53,113.53,113.53,113.53,0
519,2017-10-26,112.98,112.98,112.98,112.98,0
520,2017-10-27,114.05,114.05,114.05,114.05,0
521,2017-10-30,114.47,114.47,114.47,114.47,0
522,2017-10-31,114.71,114.71,114.71,114.71,0
523,2017-11-02,115.35,115.35,115.35,115.35,0
524,2017-11-03,114.81,114.81,114.81,114.81,0
525,2017-11-06,114.9,114.9,114.9,114.9,0
526,2017-11-07,114.9,114.9,114.9,114.9,0
527,2017-11-08,114.27,114.27,114.27,114.27,0
528,2017-11-09,114.02,114.02,114.02,114.02,0
529,2017-11-10,112.98,112.98,112.98,112.98,0
530,2017-11-13,112.76,112.76,112.76,112.76,0
531,2017-11-14,112.15,112.15,112.15,112.15,0
532,2017-11-15,112.09,112.09,112.09,112.09,0
533,2017-11-16,111.81,111.81,111.81,111.81,0
534,2017-11-17,112.78,112.78,112.78,112.78,0
535,2017-11-20,112.35,112.35,112.35,112.35,0
536,2017-11-21,112.46,112.46,112.46,112.46,0
537,2017-11-22,112.96,112.96,112.96,112.96,0
538,2017-11-23,112.53,112.53,112.53,112.53,0
539,2017-11-24,112.76,112.76,112.76,112.76,0
540,2017-11-27,112.66,112.66,112.66,112.66,0
541,2017-11-28,112.47,112.47,112.47,112.47,0
542,2017-11-29,113.03,113.03,113.03,113.03,0
543,2017-11-30,112.92,112.92,112.92,112.92,0
544,2017-12-01,111.95,111.95,111.95,111.95,0
545,2017-12-04,111.74,111.74,111.74,111.74,0
546,2017-12-05,112.14,112.14,112.14,112.14,0
547,2017-12-06,112.03,112.03,112.03,112.03,0
548,2017-12-07,112.08,112.08,112.08,112.08,0
549,2017-12-08,112.36,112.36,112.36,112.36,0
550,2017-12-11,112.6,112.6,112.6,112.6,0
551,2017-12-12,112.71,112.71,112.71,112.71,0
552,2017-12-13,113.1,113.1,113.1,113.1,0
553,2017-12-14,112.64,112.64,112.64,112.64,0
554,2017-12-15,112.39,112.39,112.39,112.39,0
555,2017-12-18,112.37,112.37,112.37,112.37,0
556,2017-12-19,112.69,112.69,112.69,112.69,0
557,2017-12-20,112.61,112.61,112.61,112.61,0
558,2017-12-21,112.47,112.47,112.47,112.47,0
559,2017-12-22,112.7,112.7,112.7,112.7,0
560,2017-12-27,112.54,112.54,112.54,112.54,0
561,2017-12-28,112.42,112.42,112.42,112.42,0
562,2017-12-29,112.59,112.59,112.59,112.59,0
563,2018-01-02,112.6,112.6,112.6,112.6,0
564,2018-01-03,112.73,112.73,112.73,112.73,0
565,2018-01-04,113.12,113.12,113.12,113.12,0
566,2018-01-05,113.54,113.54,113.54,113.54,0
567,2018-01-08,114.09,114.09,114.09,114.09,0
568,2018-01-09,114.1,114.1,114.1,114.1,0
569,2018-01-10,114.77,114.77,114.77,114.77,0
570,2018-01-11,114.26,114.26,114.26,114.26,0
571,2018-01-12,114.23,114.23,114.23,114.23,0
572,2018-01-15,114.62,114.62,114.62,114.62,0
573,2018-01-16,114.58,114.58,114.58,114.58,0
574,2018-01-17,114.79,114.79,114.79,114.79,0
575,2018-01-18,114.39,114.39,114.39,114.39,0
576,2018-01-19,114.32,114.32,114.32,114.32,0
577,2018-01-22,114.5,114.5,114.5,114.5,0
578,2018-01-23,114.64,114.64,114.64,114.64,0
579,2018-01-24,114.52,114.52,114.52,114.52,0
580,2018-01-25,113.9,113.9,113.9,113.9,0
581,2018-01-26,113.63,113.63,113.63,113.63,0
582,2018-01-29,113.71,113.71,113.71,113.71,0
583,2018-01-30,113.42,113.42,113.42,113.42,0
584,2018-01-31,113.02,113.02,113.02,113.02,0
585,2018-02-01,113.16,113.16,113.16,113.16,0
586,2018-02-02,113.23,113.23,113.23,113.23,0
587,2018-02-05,112.41,112.41,112.41,112.41,0
588,2018-02-06,111.63,111.63,111.63,111.63,0
589,2018-02-07,110.86,110.86,110.86,110.86,0
590,2018-02-08,111.68,111.68,111.68,111.68,0
591,2018-02-09,111.12,111.12,111.12,111.12,0
592,2018-02-12,110.54,110.54,110.54,110.54,0
593,2018-02-13,110.94,110.94,110.94,110.94,0
594,2018-02-14,110.64,110.64,110.64,110.64,0
595,2018-02-15,111.72,111.72,111.72,111.72,0
596,2018-02-16,112.16,112.16,112.16,112.16,0
597,2018-02-19,112.61,112.61,112.61,112.61,0
598,2018-02-20,112.04,112.04,112.04,112.04,0
599,2018-02-21,112.21,112.21,112.21,112.21,0
600,2018-02-22,112.27,112.27,112.27,112.27,0
601,2018-02-23,112.01,112.01,112.01,112.01,0
602,2018-02-26,112.2,112.2,112.2,112.2,0
603,2018-02-27,112.06,112.06,112.06,112.06,0
604,2018-02-28,112.02,112.02,112.02,112.02,0
605,2018-03-01,111.85,111.85,111.85,111.85,0
606,2018-03-02,111.02,111.02,111.02,111.02,0
607,2018-03-05,109.89,109.89,109.89,109.89,0
608,2018-03-06,109.89,109.89,109.89,109.89,0
609,2018-03-07,110.39,110.39,110.39,110.39,0
610,2018-03-08,110.28,110.28,110.28,110.28,0
611,2018-03-09,110.64,110.64,110.64,110.64,0
612,2018-03-12,110.4,110.4,110.4,110.4,0
613,2018-03-13,110.35,110.35,110.35,110.35,0
614,2018-03-14,109.44,109.44,109.44,109.44,0
615,2018-03-15,109.63,109.63,109.63,109.63,0
616,2018-03-16,109.66,109.66,109.66,109.66,0
617,2018-03-19,109.64,109.64,109.64,109.64,0
618,2018-03-20,109.24,109.24,109.24,109.24,0
619,2018-03-21,108.75,108.75,108.75,108.75,0
620,2018-03-22,107.94,107.94,107.94,107.94,0
621,2018-03-23,107.59,107.59,107.59,107.59,0
622,2018-03-26,107.01,107.01,107.01,107.01,0
623,2018-03-27,107.63,107.63,107.63,107.63,0
624,2018-03-28,108.02,108.02,108.02,108.02,0
625,2018-03-29,108.06,108.06,108.06,108.06,0
626,2018-04-03,107.26,107.26,107.26,107.26,0
627,2018-04-04,106.88,106.88,106.88,106.88,0
628,2018-04-05,108.32,108.32,108.32,108.32,0
629,2018-04-06,108.43,108.43,108.43,108.43,0
630,2018-04-09,108.5,108.5,108.5,108.5,0
631,2018-04-10,108.73,108.73,108.73,108.73,0
632,2018-04-11,108.23,108.23,108.23,108.23,0
633,2018-04-12,108.42,108.42,108.42,108.42,0
634,2018-04-16,108.41,108.41,108.41,108.41,0
635,2018-04-17,108.98,108.98,108.98,108.98,0
636,2018-04-18,109.02,109.02,109.02,109.02,0
637,2018-04-19,109.84,109.84,109.84,109.84,0
638,2018-04-20,109.89,109.89,109.89,109.89,0
639,2018-04-23,109.86,109.86,109.86,109.86,0
640,2018-04-24,108.97,108.97,108.97,108.97,0
641,2018-04-25,108.78,108.78,108.78,108.78,0
642,2018-04-26,109.33,109.33,109.33,109.33,0
643,2018-04-27,109.84,109.84,109.84,109.84,0
644,2018-04-30,110.1,110.1,110.1,110.1,0
645,2018-05-02,110.43,110.43,110.43,110.43,0
646,2018-05-03,110.58,110.58,110.58,110.58,0
647,2018-05-04,110.55,110.55,110.55,110.55,0
648,2018-05-07,110.51,110.51,110.51,110.51,0
649,2018-05-09,110.82,110.82,110.82,110.82,0
650,2018-05-11,110.75,110.75,110.75,110.75,0
651,2018-05-14,110.38,110.38,110.38,110.38,0
652,2018-05-15,109.66,109.66,109.66,109.66,0
653,2018-05-16,109.34,109.34,109.34,109.34,0
654,2018-05-17,109.91,109.91,109.91,109.91,0
655,2018-05-18,108.85,108.85,108.85,108.85,0
656,2018-05-22,109.53,109.53,109.53,109.53,0
657,2018-05-23,109.39,109.39,109.39,109.39,0
658,2018-05-24,108.73,108.73,108.73,108.73,0
659,2018-05-25,108.53,108.53,108.53,108.53,0
660,2018-05-28,108.35,108.35,108.35,108.35,0
661,2018-05-29,107.19,107.19,107.19,107.19,0
662,2018-05-30,107.31,107.31,107.31,107.31,0
663,2018-05-31,107.35,107.35,107.35,107.35,0
664,2018-06-01,107.96,107.96,107.96,107.96,0
665,2018-06-04,107.75,107.75,107.75,107.75,0
666,2018-06-05,107.37,107.37,107.37,107.37,0
667,2018-06-06,107.47,107.47,107.47,107.47,0
668,2018-06-07,107.3,107.3,107.3,107.3,0
669,2018-06-08,106.9,106.9,106.9,106.9,0
670,2018-06-11,107.16,107.16,107.16,107.16,0
671,2018-06-12,107.11,107.11,107.11,107.11,0
672,2018-06-13,106.79,106.79,106.79,106.79,0
673,2018-06-14,107.38,107.38,107.38,107.38,0
674,2018-06-15,107.09,107.09,107.09,107.09,0
675,2018-06-18,106.76,106.76,106.76,106.76,0
676,2018-06-19,106.48,106.48,106.48,106.48,0
677,2018-06-20,106.64,106.64,106.64,106.64,0
678,2018-06-21,105.89,105.89,105.89,105.89,0
679,2018-06-22,106.29,106.29,106.29,106.29,0
680,2018-06-25,105.91,105.91,105.91,105.91,0
681,2018-06-26,105.49,105.49,105.49,105.49,0
682,2018-06-27,105.36,105.36,105.36,105.36,0
683,2018-06-28,104.99,104.99,104.99,104.99,0
684,2018-06-29,104.85,104.85,104.85,104.85,0
685,2018-07-02,104.52,104.52,104.52,104.52,0
686,2018-07-03,104.72,104.72,104.72,104.72,0
687,2018-07-04,104.88,104.88,104.88,104.88,0
688,2018-07-05,105.17,105.17,105.17,105.17,0
689,2018-07-06,105.33,105.33,105.33,105.33,0
690,2018-07-09,105.49,105.49,105.49,105.49,0
691,2018-07-10,105.54,105.54,105.54,105.54,0
692,2018-07-11,105.08,105.08,105.08,105.08,0
693,2018-07-12,105.08,105.08,105.08,105.08,0
694,2018-07-13,104.95,104.95,104.95,104.95,0
695,2018-07-16,104.83,104.83,104.83,104.83,0
696,2018-07-17,104.34,104.34,104.34,104.34,0
697,2018-07-18,104.36,104.36,104.36,104.36,0
698,2018-07-19,103.97,103.97,103.97,103.97,0
699,2018-07-20,104.01,104.01,104.01,104.01,0
700,2018-07-23,103.41,103.41,103.41,103.41,0
701,2018-07-24,103.43,103.43,103.43,103.43,0
702,2018-07-25,103.34,103.34,103.34,103.34,0
703,2018-07-26,103.21,103.21,103.21,103.21,0
704,2018-07-27,104.33,104.33,104.33,104.33,0
705,2018-07-30,104.27,104.27,104.27,104.27,0
706,2018-07-31,104.3,104.3,104.3,104.3,0
707,2018-08-01,103.51,103.51,103.51,103.51,0
708,2018-08-02,102.63,102.63,102.63,102.63,0
709,2018-08-03,102.71,102.71,102.71,102.71,0
710,2018-08-06,102.61,102.61,102.61,102.61,0
711,2018-08-07,102.26,102.26,102.26,102.26,0
712,2018-08-08,102.38,102.38,102.38,102.38,0
713,2018-08-09,102.08,102.08,102.08,102.08,0
714,2018-08-10,101.94,101.94,101.94,101.94,0
715,2018-08-13,101.64,101.64,101.64,101.64,0
716,2018-08-14,101.46,101.46,101.46,101.46,0
717,2018-08-16,101.82,101.82,101.82,101.82,0
718,2018-08-17,101.73,101.73,101.73,101.73,0
719,2018-08-20,101.8,101.8,101.8,101.8,0
720,2018-08-21,102.13,102.13,102.13,102.13,0
721,2018-08-22,102.6,102.6,102.6,102.6,0
722,2018-08-23,102.57,102.57,102.57,102.57,0
723,2018-08-24,102.35,102.35,102.35,102.35,0
724,2018-08-27,102.34,102.34,102.34,102.34,0
725,2018-08-28,102.16,102.16,102.16,102.16,0
726,2018-08-29,101.76,101.76,101.76,101.76,0
727,2018-08-30,101.68,101.68,101.68,101.68,0
728,2018-08-31,101.15,101.15,101.15,101.15,0
729,2018-09-03,100.39,100.39,100.39,100.39,0
730,2018-09-04,100.58,100.58,100.58,100.58,0
731,2018-09-05,99.96,99.96,99.96,99.96,0
732,2018-09-06,99.93,99.93,99.93,99.93,0
733,2018-09-07,99.96,99.96,99.96,99.96,0
734,2018-09-10,100.45,100.45,100.45,100.45,0
735,2018-09-11,100.43,100.43,100.43,100.43,0
736,2018-09-12,100.93,100.93,100.93,100.93,0
737,2018-09-13,100.77,100.77,100.77,100.77,0
738,2018-09-14,101.33,101.33,101.33,101.33,0
739,2018-09-17,101.89,101.89,101.89,101.89,0
740,2018-09-18,102.48,102.48,102.48,102.48,0
741,2018-09-19,102.96,102.96,102.96,102.96,0
742,2018-09-20,102.93,102.93,102.93,102.93,0
743,2018-09-21,103.28,103.28,103.28,103.28,0
744,2018-09-24,102.93,102.93,102.93,102.93,0
745,2018-09-25,102.35,102.35,102.35,102.35,0
746,2018-09-26,102.36,102.36,102.36,102.36,0
747,2018-09-27,102.46,102.46,102.46,102.46,0
748,2018-09-28,102.03,102.03,102.03,102.03,0
749,2018-10-01,101.86,101.86,101.86,101.86,0
750,2018-10-02,101.33,101.33,101.33,101.33,0
751,2018-10-03,101.46,101.46,101.46,101.46,0
752,2018-10-04,101.23,101.23,101.23,101.23,0
753,2018-10-05,100.43,100.43,100.43,100.43,0
754,2018-10-08,100.33,100.33,100.33,100.33,0
755,2018-10-09,99.92,99.92,99.92,99.92,0
756,2018-10-10,100.12,100.12,100.12,100.12,0
757,2018-10-11,99.76,99.76,99.76,99.76,0
758,2018-10-12,99.77,99.77,99.77,99.77,0
759,2018-10-15,99.96,99.96,99.96,99.96,0
760,2018-10-16,100.49,100.49,100.49,100.49,0
761,2018-10-17,100.58,100.58,100.58,100.58,0
762,2018-10-18,100.53,100.53,100.53,100.53,0
763,2018-10-19,98.35,98.35,98.35,98.35,0
764,2018-10-22,97.72,97.72,97.72,97.72,0
765,2018-10-23,96.21,96.21,96.21,96.21,0
766,2018-10-24,95.25,95.25,95.25,95.25,0
767,2018-10-25,95.62,95.62,95.62,95.62,0
768,2018-10-26,95.89,95.89,95.89,95.89,0
769,2018-10-29,96.94,96.94,96.94,96.94,0
770,2018-10-30,96.87,96.87,96.87,96.87,0
771,2018-10-31,97.55,97.55,97.55,97.55,0
772,2018-11-02,98.27,98.27,98.27,98.27,0
773,2018-11-05,97.76,97.76,97.76,97.76,0
774,2018-11-06,97.41,97.41,97.41,97.41,0
775,2018-11-07,98.01,98.01,98.01,98.01,0
776,2018-11-08,97.99,97.99,97.99,97.99,0
777,2018-11-09,97.26,97.26,97.26,97.26,0
778,2018-11-12,95.84,95.84,95.84,95.84,0
779,2018-11-13,96.35,96.35,96.35,96.35,0
780,2018-11-14,96.66,96.66,96.66,96.66,0
781,2018-11-15,95.88,95.88,95.88,95.88,0
782,2018-11-16,95.81,95.81,95.81,95.81,0
783,2018-11-19,95.5,95.5,95.5,95.5,0
784,2018-11-20,94.68,94.68,94.68,94.68,0
785,2018-11-21,95.56,95.56,95.56,95.56,0
786,2018-11-22,94.8,94.8,94.8,94.8,0
787,2018-11-23,95.19,95.19,95.19,95.19,0
788,2018-11-26,96.44,96.44,96.44,96.44,0
789,2018-11-27,96.44,96.44,96.44,96.44,0
790,2018-11-28,96.6,96.6,96.6,96.6,0
791,2018-11-29,96.71,96.71,96.71,96.71,0
792,2018-11-30,95.95,95.95,95.95,95.95,0
793,2018-12-03,95.5,95.5,95.5,95.5,0
794,2018-12-04,94.53,94.53,94.53,94.53,0
795,2018-12-05,93.81,93.81,93.81,93.81,0
796,2018-12-06,92.04,92.04,92.04,92.04,0
797,2018-12-07,92.63,92.63,92.63,92.63,0
798,2018-12-10,91.81,91.81,91.81,91.81,0
799,2018-12-11,92.48,92.48,92.48,92.48,0
800,2018-12-12,93.47,93.47,93.47,93.47,0
801,2018-12-13,93.1,93.1,93.1,93.1,0
802,2018-12-14,92.62,92.62,92.62,92.62,0
803,2018-12-17,91.91,91.91,91.91,91.91,0
804,2018-12-18,91.68,91.68,91.68,91.68,0
805,2018-12-19,92.01,92.01,92.01,92.01,0
806,2018-12-20,91.2,91.2,91.2,91.2,0
807,2018-12-21,91.14,91.14,91.14,91.14,0
808,2018-12-24,90.69,90.69,90.69,90.69,0
809,2018-12-27,90.49,90.49,90.49,90.49,0
810,2018-12-28,91.45,91.45,91.45,91.45,0
811,2018-12-31,91.91,91.91,91.91,91.91,0
812,2019-01-02,91.14,91.14,91.14,91.14,0
813,2019-01-03,90.66,90.66,90.66,90.66,0
814,2019-01-04,91.24,91.24,91.24,91.24,0
815,2019-01-07,91.01,91.01,91.01,91.01,0
816,2019-01-08,91.16,91.16,91.16,91.16,0
817,2019-01-09,91.61,91.61,91.61,91.61,0
818,2019-01-10,91.8,91.8,91.8,91.8,0
819,2019-01-11,91.57,91.57,91.57,91.57,0
820,2019-01-14,91.11,91.11,91.11,91.11,0
821,2019-01-15,91.01,91.01,91.01,91.01,0
822,2019-01-16,91.35,91.35,91.35,91.35,0
823,2019-01-17,91.16,91.16,91.16,91.16,0
824,2019-01-18,92.47,92.47,92.47,92.47,0
825,2019-01-21,92.24,92.24,92.24,92.24,0
826,2019-01-22,92.18,92.18,92.18,92.18,0
827,2019-01-23,91.93,91.93,91.93,91.93,0
828,2019-01-24,92.64,92.64,92.64,92.64,0
829,2019-01-25,93.55,93.55,93.55,93.55,0
830,2019-01-28,92.74,92.74,92.74,92.74,0
831,2019-01-29,92.83,92.83,92.83,92.83,0
832,2019-01-30,93.43,93.43,93.43,93.43,0
833,2019-01-31,93.48,93.48,93.48,93.48,0
834,2019-02-01,93.86,93.86,93.86,93.86,0
835,2019-02-04,93.56,93.56,93.56,93.56,0
836,2019-02-05,94.55,94.55,94.55,94.55,0
837,2019-02-06,94.61,94.61,94.61,94.61,0
838,2019-02-07,92.64,92.64,92.64,92.64,0
839,2019-02-08,91.89,91.89,91.89,91.89,0
840,2019-02-11,92.58,92.58,92.58,92.58,0
841,2019-02-12,92.9,92.9,92.9,92.9,0
842,2019-02-13,93.42,93.42,93.42,93.42,0
843,2019-02-14,93.64,93.64,93.64,93.64,0
844,2019-02-15,94.89,94.89,94.89,94.89,0
845,2019-02-18,95.28,95.28,95.28,95.28,0
846,2019-02-19,95.33,95.33,95.33,95.33,0
847,2019-02-20,95.97,95.97,95.97,95.97,0
848,2019-02-21,95.99,95.99,95.99,95.99,0
849,2019-02-22,96.31,96.31,96.31,96.31,0
850,2019-02-25,96.51,96.51,96.51,96.51,0
851,2019-02-26,96.26,96.26,96.26,96.26,0
852,2019-02-27,95.8,95.8,95.8,95.8,0
853,2019-02-28,96.22,96.22,96.22,96.22,0
854,2019-03-01,96.62,96.62,96.62,96.62,0
855,2019-03-04,96.81,96.81,96.81,96.81,0
856,2019-03-05,96.48,96.48,96.48,96.48,0
857,2019-03-06,96.4,96.4,96.4,96.4,0
858,2019-03-07,95.9,95.9,95.9,95.9,0
859,2019-03-08,95.22,95.22,95.22,95.22,0
860,2019-03-11,95.89,95.89,95.89,95.89,0
861,2019-03-12,95.93,95.93,95.93,95.93,0
862,2019-03-13,96.3,96.3,96.3,96.3,0
863,2019-03-14,96.46,96.46,96.46,96.46,0
864,2019-03-15,97.0,97.0,97.0,97.0,0
865,2019-03-18,96.87,96.87,96.87,96.87,0
866,2019-03-19,97.06,97.06,97.06,97.06,0
867,2019-03-20,96.57,96.57,96.57,96.57,0
868,2019-03-21,96.55,96.55,96.55,96.55,0
869,2019-03-22,94.98,94.98,94.98,94.98,0
870,2019-03-25,94.5,94.5,94.5,94.5,0
871,2019-03-26,95.15,95.15,95.15,95.15,0
872,2019-03-27,94.95,94.95,94.95,94.95,0
873,2019-03-28,94.82,94.82,94.82,94.82,0
874,2019-03-29,95.54,95.54,95.54,95.54,0
875,2019-04-01,96.24,96.24,96.24,96.24,0
876,2019-04-02,96.56,96.56,96.56,96.56,0
877,2019-04-03,97.11,97.11,97.11,97.11,0
878,2019-04-04,97.06,97.06,97.06,97.06,0
879,2019-04-05,97.18,97.18,97.18,97.18,0
880,2019-04-08,96.77,96.77,96.77,96.77,0
881,2019-04-11,97.11,97.11,97.11,97.11,0
882,2019-04-12,97.42,97.42,97.42,97.42,0
883,2019-04-15,97.8,97.8,97.8,97.8,0
884,2019-04-16,98.11,98.11,98.11,98.11,0
885,2019-04-17,98.45,98.45,98.45,98.45,0
886,2019-04-18,98.88,98.88,98.88,98.88,0
887,2019-04-23,98.5,98.5,98.5,98.5,0
888,2019-04-24,98.27,98.27,98.27,98.27,0
889,2019-04-25,98.0,98.0,98.0,98.0,0
890,2019-04-26,98.64,98.64,98.64,98.64,0
891,2019-04-29,99.11,99.11,99.11,99.11,0
892,2019-04-30,98.77,98.77,98.77,98.77,0
893,2019-05-02,98.51,98.51,98.51,98.51,0
894,2019-05-03,98.44,98.44,98.44,98.44,0
895,2019-05-06,97.4,97.4,97.4,97.4,0
896,2019-05-07,96.57,96.57,96.57,96.57,0
897,2019-05-09,95.94,95.94,95.94,95.94,0
898,2019-05-10,96.14,96.14,96.14,96.14,0
899,2019-05-13,95.03,95.03,95.03,95.03,0
900,2019-05-14,95.96,95.96,95.96,95.96,0
901,2019-05-15,96.23,96.23,96.23,96.23,0
902,2019-05-16,96.81,96.81,96.81,96.81,0
903,2019-05-17,96.42,96.42,96.42,96.42,0
904,2019-05-20,95.29,95.29,95.29,95.29,0
905,2019-05-21,95.48,95.48,95.48,95.48,0
906,2019-05-22,95.43,95.43,95.43,95.43,0
907,2019-05-23,94.23,94.23,94.23,94.23,0
908,2019-05-24,94.61,94.61,94.61,94.61,0
909,2019-05-27,94.72,94.72,94.72,94.72,0
910,2019-05-28,94.59,94.59,94.59,94.59,0
911,2019-05-29,93.69,93.69,93.69,93.69,0
912,2019-05-31,93.56,93.56,93.56,93.56,0
913,2019-06-03,93.78,93.78,93.78,93.78,0
914,2019-06-04,94.5,94.5,94.5,94.5,0
915,2019-06-05,94.8,94.8,94.8,94.8,0
916,2019-06-06,94.5,94.5,94.5,94.5,0
917,2019-06-07,95.34,95.34,95.34,95.34,0
918,2019-06-11,95.99,95.99,95.99,95.99,0
919,2019-06-12,95.8,95.8,95.8,95.8,0
920,2019-06-13,96.14,96.14,96.14,96.14,0
921,2019-06-14,95.73,95.73,95.73,95.73,0
922,2019-06-17,95.65,95.65,95.65,95.65,0
923,2019-06-18,96.9,96.9,96.9,96.9,0
924,2019-06-19,97.12,97.12,97.12,97.12,0
925,2019-06-20,97.14,97.14,97.14,97.14,0
926,2019-06-21,96.74,96.74,96.74,96.74,0
927,2019-06-24,96.65,96.65,96.65,96.65,0
928,2019-06-25,96.69,96.69,96.69,96.69,0
929,2019-06-26,96.5,96.5,96.5,96.5,0
930,2019-06-27,96.6,96.6,96.6,96.6,0
931,2019-06-28,97.14,97.14,97.14,97.14,0
932,2019-07-01,97.74,97.74,97.74,97.74,0
933,2019-07-02,97.59,97.59,97.59,97.59,0
934,2019-07-03,98.04,98.04,98.04,98.04,0
935,2019-07-05,97.78,97.78,97.78,97.78,0
936,2019-07-08,97.3,97.3,97.3,97.3,0
937,2019-07-09,96.76,96.76,96.76,96.76,0
938,2019-07-10,96.93,96.93,96.93,96.93,0
939,2019-07-11,96.95,96.95,96.95,96.95,0
940,2019-07-12,97.3,97.3,97.3,97.3,0
941,2019-07-15,97.5,97.5,97.5,97.5,0
942,2019-07-16,98.19,98.19,98.19,98.19,0
943,2019-07-17,97.88,97.88,97.88,97.88,0
944,2019-07-18,97.66,97.66,97.66,97.66,0
945,2019-07-19,97.64,97.64,97.64,97.64,0
946,2019-07-22,97.62,97.62,97.62,97.62,0
947,2019-07-23,98.53,98.53,98.53,98.53,0
948,2019-07-24,98.85,98.85,98.85,98.85,0
949,2019-07-25,98.57,98.57,98.57,98.57,0
950,2019-07-26,99.73,99.73,99.73,99.73,0
951,2019-07-29,99.32,99.32,99.32,99.32,0
952,2019-07-30,98.34,98.34,98.34,98.34,0
953,2019-07-31,98.32,98.32,98.32,98.32,0
954,2019-08-01,98.76,98.76,98.76,98.76,0
955,2019-08-02,96.76,96.76,96.76,96.76,0
956,2019-08-05,95.34,95.34,95.34,95.34,0
957,2019-08-06,95.27,95.27,95.27,95.27,0
958,2019-08-07,95.63,95.63,95.63,95.63,0
959,2019-08-08,96.86,96.86,96.86,96.86,0
960,2019-08-09,96.18,96.18,96.18,96.18,0
961,2019-08-12,95.91,95.91,95.91,95.91,0
962,2019-08-13,96.28,96.28,96.28,96.28,0
963,2019-08-14,95.15,95.15,95.15,95.15,0
964,2019-08-16,95.4,95.4,95.4,95.4,0
965,2019-08-19,96.36,96.36,96.36,96.36,0
966,2019-08-20,96.1,96.1,96.1,96.1,0
967,2019-08-21,97.04,97.04,97.04,97.04,0
968,2019-08-22,96.67,96.67,96.67,96.67,0
969,2019-08-23,95.96,95.96,95.96,95.96,0
970,2019-08-26,96.12,96.12,96.12,96.12,0
971,2019-08-27,96.4,96.4,96.4,96.4,0
972,2019-08-28,96.04,96.04,96.04,96.04,0
973,2019-08-29,97.01,97.01,97.01,97.01,0
974,2019-08-30,97.38,97.38,97.38,97.38,0
975,2019-09-02,97.28,97.28,97.28,97.28,0
976,2019-09-03,96.85,96.85,96.85,96.85,0
977,2019-09-04,97.58,97.58,97.58,97.58,0
978,2019-09-05,98.21,98.21,98.21,98.21,0
979,2019-09-06,98.31,98.31,98.31,98.31,0
980,2019-09-09,98.33,98.33,98.33,98.33,0
981,2019-09-10,98.63,98.63,98.63,98.63,0
982,2019-09-11,98.96,98.96,98.96,98.96,0
983,2019-09-12,99.02,99.02,99.02,99.02,0
984,2019-09-13,99.6,99.6,99.6,99.6,0
985,2019-09-16,98.88,98.88,98.88,98.88,0
986,2019-09-17,98.44,98.44,98.44,98.44,0
987,2019-09-18,98.37,98.37,98.37,98.37,0
988,2019-09-19,99.14,99.14,99.14,99.14,0
989,2019-09-20,99.06,99.06,99.06,99.06,0
990,2019-09-23,98.26,98.26,98.26,98.26,0
991,2019-09-24,98.23,98.23,98.23,98.23,0
992,2019-09-25,97.87,97.87,97.87,97.87,0
993,2019-09-26,98.12,98.12,98.12,98.12,0
994,2019-09-27,98.55,98.55,98.55,98.55,0
995,2019-09-30,98.7,98.7,98.7,98.7,0
996,2019-10-01,98.14,98.14,98.14,98.14,0
997,2019-10-02,96.22,96.22,96.22,96.22,0
998,2019-10-03,96.11,96.11,96.11,96.11,0
999,2019-10-04,96.68,96.68,96.68,96.68,0
1000,2019-10-07,96.75,96.75,96.75,96.75,0
1001,2019-10-08,95.8,95.8,95.8,95.8,0
1002,2019-10-09,96.19,96.19,96.19,96.19,0
1003,2019-10-10,97.18,97.18,97.18,97.18,0
1004,2019-10-11,98.46,98.46,98.46,98.46,0
1005,2019-10-14,98.17,98.17,98.17,98.17,0
1006,2019-10-15,98.99,98.99,98.99,98.99,0
1007,2019-10-16,99.01,99.01,99.01,99.01,0
1008,2019-10-17,99.24,99.24,99.24,99.24,0
1009,2019-10-18,98.9,98.9,98.9,98.9,0
1010,2019-10-21,99.35,99.35,99.35,99.35,0
1011,2019-10-22,99.14,99.14,99.14,99.14,0
1012,2019-10-23,98.89,98.89,98.89,98.89,0
1013,2019-10-24,99.55,99.55,99.55,99.55,0
1014,2019-10-25,99.85,99.85,99.85,99.85,0
1015,2019-10-28,100.25,100.25,100.25,100.25,0
1016,2019-10-29,100.46,100.46,100.46,100.46,0
1017,2019-10-30,100.22,100.22,100.22,100.22,0
1018,2019-10-31,99.41,99.41,99.41,99.41,0
1019,2019-11-04,100.85,100.85,100.85,100.85,0
1020,2019-11-05,101.08,101.08,101.08,101.08,0
1021,2019-11-06,101.3,101.3,101.3,101.3,0
1022,2019-11-07,101.71,101.71,101.71,101.71,0
1023,2019-11-08,101.56,101.56,101.56,101.56,0
1024,2019-11-12,102.56,102.56,102.56,102.56,0
1025,2019-11-13,101.86,101.86,101.86,101.86,0
1026,2019-11-14,101.66,101.66,101.66,101.66,0
1027,2019-11-15,102.14,102.14,102.14,102.14,0
1028,2019-11-18,101.74,101.74,101.74,101.74,0
1029,2019-11-19,101.57,101.57,101.57,101.57,0
1030,2019-11-20,101.39,101.39,101.39,101.39,0
1031,2019-11-21,101.29,101.29,101.29,101.29,0
1032,2019-11-22,101.42,101.42,101.42,101.42,0
1033,2019-11-25,101.94,101.94,101.94,101.94,0
1034,2019-11-26,102.17,102.17,102.17,102.17,0
1035,2019-11-27,102.11,102.11,102.11,102.11,0
1036,2019-11-28,101.88,101.88,101.88,101.88,0
1037,2019-11-29,101.59,101.59,101.59,101.59,0
1038,2019-12-02,100.53,100.53,100.53,100.53,0
1039,2019-12-03,99.85,99.85,99.85,99.85,0
1040,2019-12-04,100.66,100.66,100.66,100.66,0
1041,2019-12-05,100.9,100.9,100.9,100.9,0
1042,2019-12-06,101.67,101.67,101.67,101.67,0
1043,2019-12-09,101.66,101.66,101.66,101.66,0
1044,2019-12-10,101.82,101.82,101.82,101.82,0
1045,2019-12-11,101.84,101.84,101.84,101.84,0
1046,2019-12-12,102.22,102.22,102.22,102.22,0
1047,2019-12-13,102.75,102.75,102.75,102.75,0
1048,2019-12-16,103.57,103.57,103.57,103.57,0
1049,2019-12-17,103.36,103.36,103.36,103.36,0
1050,2019-12-18,103.24,103.24,103.24,103.24,0
1051,2019-12-19,103.23,103.23,103.23,103.23,0
1052,2019-12-20,103.5,103.5,103.5,103.5,0
1053,2019-12-23,103.55,103.55,103.55,103.55,0
1054,2019-12-24,103.57,103.57,103.57,103.57,0
1055,2019-12-27,103.61,103.61,103.61,103.61,0
1056,2019-12-30,102.96,102.96,102.96,102.96,0
1057,2019-12-31,102.83,102.83,102.83,102.83,0
1058,2020-01-02,103.69,103.69,103.69,103.69,0
1059,2020-01-03,103.49,103.49,103.49,103.49,0
1060,2020-01-06,102.93,102.93,102.93,102.93,0
1061,2020-01-07,103.12,103.12,103.12,103.12,0
1062,2020-01-08,103.29,103.29,103.29,103.29,0
1063,2020-01-09,103.38,103.38,103.38,103.38,0
1064,2020-01-10,103.17,103.17,103.17,103.17,0
1065,2020-01-13,103.18,103.18,103.18,103.18,0
1066,2020-01-14,103.26,103.26,103.26,103.26,0
1067,2020-01-15,103.02,103.02,103.02,103.02,0
1068,2020-01-16,102.92,102.92,102.92,102.92,0
1069,2020-01-17,103.29,103.29,103.29,103.29,0
1070,2020-01-20,103.27,103.27,103.27,103.27,0
1071,2020-01-21,102.92,102.92,102.92,102.92,0
1072,2020-01-22,102.7,102.7,102.7,102.7,0
1073,2020-01-23,102.36,102.36,102.36,102.36,0
1074,2020-01-24,102.97,102.97,102.97,102.97,0
1075,2020-01-27,101.55,101.55,101.55,101.55,0
1076,2020-01-28,101.91,101.91,101.91,101.91,0
1077,2020-01-29,102.29,102.29,102.29,102.29,0
1078,2020-01-30,101.5,101.5,101.5,101.5,0
1079,2020-01-31,100.88,100.88,100.88,100.88,0
1080,2020-02-03,101.35,101.35,101.35,101.35,0
1081,2020-02-04,102.41,102.41,102.41,102.41,0
1082,2020-02-05,103.04,103.04,103.04,103.04,0
1083,2020-02-06,103.41,103.41,103.41,103.41,0
1084,2020-02-07,103.27,103.27,103.27,103.27,0
1085,2020-02-10,103.21,103.21,103.21,103.21,0
1086,2020-02-11,103.54,103.54,103.54,103.54,0
1087,2020-02-12,104.07,104.07,104.07,104.07,0
1088,2020-02-13,103.91,103.91,103.91,103.91,0
1089,2020-02-14,103.63,103.63,103.63,103.63,0
1090,2020-02-17,103.78,103.78,103.78,103.78,0
1091,2020-02-18,103.46,103.46,103.46,103.46,0
1092,2020-02-19,104.2,104.2,104.2,104.2,0
1093,2020-02-20,104.0,104.0,104.0,104.0,0
1094,2020-02-21,104.01,104.01,104.01,104.01,0
1095,2020-02-24,101.62,101.62,101.62,101.62,0
1096,2020-02-25,100.79,100.79,100.79,100.79,0
1097,2020-02-26,101.23,101.23,101.23,101.23,0
1098,2020-02-27,99.58,99.58,99.58,99.58,0
1099,2020-02-28,98.12,98.12,98.12,98.12,0
1100,2020-03-02,97.85,97.85,97.85,97.85,0
1101,2020-03-03,98.88,98.88,98.88,98.88,0
1102,2020-03-04,99.65,99.65,99.65,99.65,0
1103,2020-03-05,98.79,98.79,98.79,98.79,0
1104,2020-03-06,96.59,96.59,96.59,96.59,0
1105,2020-03-09,93.42,93.42,93.42,93.42,0
1106,2020-03-10,93.09,93.09,93.09,93.09,0
1107,2020-03-11,92.53,92.53,92.53,92.53,0
1108,2020-03-12,87.66,87.66,87.66,87.66,0
1109,2020-03-13,88.4,88.4,88.4,88.4,0
1110,2020-03-16,86.15,86.15,86.15,86.15,0
1111,2020-03-17,87.12,87.12,87.12,87.12,0
1112,2020-03-18,85.53,85.53,85.53,85.53,0
1113,2020-03-19,86.42,86.42,86.42,86.42,0
1114,2020-03-20,87.95,87.95,87.95,87.95,0
1115,2020-03-23,86.35,86.35,86.35,86.35,0
1116,2020-03-24,90.17,90.17,90.17,90.17,0
1117,2020-03-25,91.87,91.87,91.87,91.87,0
1118,2020-03-26,93.93,93.93,93.93,93.93,0
1119,2020-03-27,92.37,92.37,92.37,92.37,0
1120,2020-03-30,92.49,92.49,92.49,92.49,0
1121,2020-03-31,93.15,93.15,93.15,93.15,0
1122,2020-04-01,91.81,91.81,91.81,91.81,0
1123,2020-04-02,91.8,91.8,91.8,91.8,0
1124,2020-04-03,91.43,91.43,91.43,91.43,0
1125,2020-04-06,93.54,93.54,93.54,93.54,0
1126,2020-04-07,94.4,94.4,94.4,94.4,0
1127,2020-04-08,94.54,94.54,94.54,94.54,0
1128,2020-04-09,95.6,95.6,95.6,95.6,0
1129,2020-04-14,95.27,95.27,95.27,95.27,0
1130,2020-04-15,92.92,92.92,92.92,92.92,0
1131,2020-04-16,93.08,93.08,93.08,93.08,0
1132,2020-04-17,94.98,94.98,94.98,94.98,0
1133,2020-04-20,95.29,95.29,95.29,95.29,0
1134,2020-04-21,93.54,93.54,93.54,93.54,0
1135,2020-04-22,94.79,94.79,94.79,94.79,0
1136,2020-04-23,95.67,95.67,95.67,95.67,0
1137,2020-04-24,94.65,94.65,94.65,94.65,0
1138,2020-04-27,95.96,95.96,95.96,95.96,0
1139,2020-04-28,96.21,96.21,96.21,96.21,0
1140,2020-04-29,98.11,98.11,98.11,98.11,0
1141,2020-04-30,96.25,96.25,96.25,96.25,0
1142,2020-05-04,94.16,94.16,94.16,94.16,0
1143,2020-05-05,95.96,95.96,95.96,95.96,0
1144,2020-05-06,95.98,95.98,95.98,95.98,0
1145,2020-05-07,96.52,96.52,96.52,96.52,0
1146,2020-05-11,96.09,96.09,96.09,96.09,0
1147,2020-05-12,96.38,96.38,96.38,96.38,0
1148,2020-05-14,93.25,93.25,93.25,93.25,0
1149,2020-05-15,93.25,93.25,93.25,93.25,0
1150,2020-05-18,95.93,95.93,95.93,95.93,0
1151,2020-05-19,94.84,94.84,94.84,94.84,0
1152,2020-05-20,95.47,95.47,95.47,95.47,0
1153,2020-05-22,95.6,95.6,95.6,95.6,0
1154,2020-05-25,97.05,97.05,97.05,97.05,0
1155,2020-05-26,97.74,97.74,97.74,97.74,0
1156,2020-05-27,97.41,97.41,97.41,97.41,0
1157,2020-05-28,98.67,98.67,98.67,98.67,0
1158,2020-05-29,97.77,97.77,97.77,97.77,0
1159,2020-06-02,99.22,99.22,99.22,99.22,0
1160,2020-06-03,101.05,101.05,101.05,101.05,0
1161,2020-06-04,100.93,100.93,100.93,100.93,0
1162,2020-06-05,102.77,102.77,102.77,102.77,0
1163,2020-06-08,102.26,102.26,102.26,102.26,0
1164,2020-06-09,101.14,101.14,101.14,101.14,0
1165,2020-06-10,100.72,100.72,100.72,100.72,0
1166,2020-06-11,97.79,97.79,97.79,97.79,0
1167,2020-06-12,98.23,98.23,98.23,98.23,0
1168,2020-06-15,98.45,98.45,98.45,98.45,0
1169,2020-06-16,100.37,100.37,100.37,100.37,0
1170,2020-06-17,100.79,100.79,100.79,100.79,0
1171,2020-06-18,100.51,100.51,100.51,100.51,0
1172,2020-06-19,100.8,100.8,100.8,100.8,0
1173,2020-06-22,100.5,100.5,100.5,100.5,0
1174,2020-06-24,99.56,99.56,99.56,99.56,0
1175,2020-06-25,100.26,100.26,100.26,100.26,0
1176,2020-06-26,100.27,100.27,100.27,100.27,0
1177,2020-06-29,100.78,100.78,100.78,100.78,0
1178,2020-06-30,101.03,101.03,101.03,101.03,0
1179,2020-07-01,101.26,101.26,101.26,101.26,0
1180,2020-07-02,102.46,102.46,102.46,102.46,0
1181,2020-07-03,102.18,102.18,102.18,102.18,0
1182,2020-07-06,103.18,103.18,103.18,103.18,0
1183,2020-07-07,102.87,102.87,102.87,102.87,0
1184,2020-07-08,101.99,101.99,101.99,101.99,0
1185,2020-07-09,101.57,101.57,101.57,101.57,0
1186,2020-07-10,102.17,102.17,102.17,102.17,0
1187,2020-07-13,103.03,103.03,103.03,103.03,0
1188,2020-07-15,103.6,103.6,103.6,103.6,0
1189,2020-07-16,103.43,103.43,103.43,103.43,0
1190,2020-07-17,103.44,103.44,103.44,103.44,0
1191,2020-07-20,104.03,104.03,104.03,104.03,0
1192,2020-07-21,104.1,104.1,104.1,104.1,0
1193,2020-07-22,103.82,103.82,103.82,103.82,0
1194,2020-07-23,103.83,103.83,103.83,103.83,0
1195,2020-07-24,102.57,102.57,102.57,102.57,0
1196,2020-07-27,102.1,102.1,102.1,102.1,0
1197,2020-07-28,102.12,102.12,102.12,102.12,0
1198,2020-07-29,102.76,102.76,102.76,102.76,0
1199,2020-07-30,101.61,101.61,101.61,101.61,0
1200,2020-07-31,100.81,100.81,100.81,100.81,0
1201,2020-08-03,102.02,102.02,102.02,102.02,0
1202,2020-08-04,101.93,101.93,101.93,101.93,0
1203,2020-08-05,102.4,102.4,102.4,102.4,0
1204,2020-08-06,102.07,102.07,102.07,102.07,0
1205,2020-08-07,102.29,102.29,102.29,102.29,0
1206,2020-08-10,102.33,102.33,102.33,102.33,0
1207,2020-08-11,103.57,103.57,103.57,103.57,0
1208,2020-08-12,104.3,104.3,104.3,104.3,0
1209,2020-08-13,103.81,103.81,103.81,103.81,0
1210,2020-08-14,102.85,102.85,102.85,102.85,0
1211,2020-08-17,102.99,102.99,102.99,102.99,0
1212,2020-08-18,102.69,102.69,102.69,102.69,0
1213,2020-08-19,102.97,102.97,102.97,102.97,0
1214,2020-08-20,102.26,102.26,102.26,102.26,0
1215,2020-08-21,102.08,102.08,102.08,102.08,0
1216,2020-08-24,103.28,103.28,103.28,103.28,0
1217,2020-08-25,103.28,103.28,103.28,103.28,0
1218,2020-08-26,103.88,103.88,103.88,103.88,0
1219,2020-08-27,103.36,103.36,103.36,103.36,0
1220,2020-08-28,103.24,103.24,103.24,103.24,0
1221,2020-08-31,102.54,102.54,102.54,102.54,0
1222,2020-09-01,102.45,102.45,102.45,102.45,0
1223,2020-09-02,103.53,103.53,103.53,103.53,0
1224,2020-09-03,102.41,102.41,102.41,102.41,0
1225,2020-09-04,101.82,101.82,101.82,101.82,0
1226,2020-09-07,102.94,102.94,102.94,102.94,0
1227,2020-09-08,102.04,102.04,102.04,102.04,0
1228,2020-09-09,102.71,102.71,102.71,102.71,0
1229,2020-09-10,103.06,103.06,103.06,103.06,0
1230,2020-09-11,103.18,103.18,103.18,103.18,0
1231,2020-09-14,103.57,103.57,103.57,103.57,0
1232,2020-09-15,104.16,104.16,104.16,104.16,0
1233,2020-09-16,104.16,104.16,104.16,104.16,0
1234,2020-09-17,103.76,103.76,103.76,103.76,0
1235,2020-09-18,103.09,103.09,103.09,103.09,0
1236,2020-09-21,101.05,101.05,101.05,101.05,0
1237,2020-09-22,101.14,101.14,101.14,101.14,0
1238,2020-09-23,101.54,101.54,101.54,101.54,0
1239,2020-09-24,100.97,100.97,100.97,100.97,0
1240,2020-09-25,100.73,100.73,100.73,100.73,0
1241,2020-09-28,101.9,101.9,101.9,101.9,0
1242,2020-09-29,101.72,101.72,101.72,101.72,0
1243,2020-09-30,101.37,101.37,101.37,101.37,0
1244,2020-10-01,101.94,101.94,101.94,101.94,0
1245,2020-10-02,101.8,101.8,101.8,101.8,0
1246,2020-10-05,102.39,102.39,102.39,102.39,0
1247,2020-10-06,102.56,102.56,102.56,102.56,0
1248,2020-10-07,102.5,102.5,102.5,102.5,0
1249,2020-10-08,103.2,103.2,103.2,103.2,0
1250,2020-10-09,103.6,103.6,103.6,103.6,0
1251,2020-10-12,104.22,104.22,104.22,104.22,0
1252,2020-10-13,103.8,103.8,103.8,103.8,0
1253,2020-10-14,103.72,103.72,103.72,103.72,0
1254,2020-10-15,102.45,102.45,102.45,102.45,0
1255,2020-10-16,103.28,103.28,103.28,103.28,0
1256,2020-10-19,103.32,103.32,103.32,103.32,0
1257,2020-10-20,103.06,103.06,103.06,103.06,0
1258,2020-10-21,102.12,102.12,102.12,102.12,0
1259,2020-10-22,101.85,101.85,101.85,101.85,0
1260,2020-10-23,102.38,102.38,102.38,102.38,0
1261,2020-10-26,101.16,101.16,101.16,101.16,0
1262,2020-10-27,100.23,100.23,100.23,100.23,0
1263,2020-10-28,98.22,98.22,98.22,98.22,0
1264,2020-10-29,98.37,98.37,98.37,98.37,0
1265,2020-10-30,98.62,98.62,98.62,98.62,0
1266,2020-11-02,99.7,99.7,99.7,99.7,0
1267,2020-11-03,101.05,101.05,101.05,101.05,0
1268,2020-11-04,102.37,102.37,102.37,102.37,0
1269,2020-11-05,103.43,103.43,103.43,103.43,0
1270,2020-11-06,103.32,103.32,103.32,103.32,0
1271,2020-11-09,106.17,106.17,106.17,106.17,0
1272,2020-11-10,106.74,106.74,106.74,106.74,0
1273,2020-11-12,106.51,106.51,106.51,106.51,0
1274,2020-11-13,106.63,106.63,106.63,106.63,0
1275,2020-11-16,107.4,107.4,107.4,107.4,0
1276,2020-11-17,107.3,107.3,107.3,107.3,0
1277,2020-11-18,107.44,107.44,107.44,107.44,0
1278,2020-11-19,107.26,107.26,107.26,107.26,0
1279,2020-11-20,107.75,107.75,107.75,107.75,0
1280,2020-11-23,107.5,107.5,107.5,107.5,0
1281,2020-11-24,107.96,107.96,107.96,107.96,0
1282,2020-11-25,107.96,107.96,107.96,107.96,0
1283,2020-11-26,107.75,107.75,107.75,107.75,0
1284,2020-11-27,108.58,108.58,108.58,108.58,0
1285,2020-11-30,108.04,108.04,108.04,108.04,0
1286,2020-12-01,108.75,108.75,108.75,108.75,0
1287,2020-12-02,108.55,108.55,108.55,108.55,0
1288,2020-12-03,108.6,108.6,108.6,108.6,0
1289,2020-12-04,109.29,109.29,109.29,109.29,0
1290,2020-12-07,108.93,108.93,108.93,108.93,0
1291,2020-12-08,108.89,108.89,108.89,108.89,0
1292,2020-12-09,108.65,108.65,108.65,108.65,0
1293,2020-12-10,108.51,108.51,108.51,108.51,0
1294,2020-12-11,108.19,108.19,108.19,108.19,0
1295,2020-12-14,108.25,108.25,108.25,108.25,0
1296,2020-12-15,108.58,108.58,108.58,108.58,0
1297,2020-12-16,108.72,108.72,108.72,108.72,0
1298,2020-12-17,108.97,108.97,108.97,108.97,0
1299,2020-12-18,108.92,108.92,108.92,108.92,0
1300,2020-12-21,107.59,107.59,107.59,107.59,0
1301,2020-12-22,108.53,108.53,108.53,108.53,0
1302,2020-12-23,109.07,109.07,109.07,109.07,0
1303,2020-12-24,109.11,109.11,109.11,109.11,0
1304,2020-12-28,109.88,109.88,109.88,109.88,0
1305,2020-12-29,109.93,109.93,109.93,109.93,0
1306,2020-12-30,109.81,109.81,109.81,109.81,0
1307,2020-12-31,109.31,109.31,109.31,109.31,0
1308,2021-01-04,110.04,110.04,110.04,110.04,0
1309,2021-01-05,109.74,109.74,109.74,109.74,0
1310,2021-01-06,110.11,110.11,110.11,110.11,0
1311,2021-01-07,110.51,110.51,110.51,110.51,0
1312,2021-01-08,110.79,110.79,110.79,110.79,0
1313,2021-01-11,110.11,110.11,110.11,110.11,0
1314,2021-01-12,109.95,109.95,109.95,109.95,0
1315,2021-01-13,109.92,109.92,109.92,109.92,0
1316,2021-01-14,110.35,110.35,110.35,110.35,0
1317,2021-01-15,109.38,109.38,109.38,109.38,0
1318,2021-01-18,109.9,109.9,109.9,109.9,0
1319,2021-01-19,109.73,109.73,109.73,109.73,0
1320,2021-01-20,110.17,110.17,110.17,110.17,0
1321,2021-01-21,110.09,110.09,110.09,110.09,0
1322,2021-01-22,109.55,109.55,109.55,109.55,0
1323,2021-01-25,108.05,108.05,108.05,108.05,0
1324,2021-01-26,108.24,108.24,108.24,108.24,0
1325,2021-01-27,107.01,107.01,107.01,107.01,0
1326,2021-01-28,107.53,107.53,107.53,107.53,0
1327,2021-01-29,106.88,106.88,106.88,106.88,0
1328,2021-02-01,107.74,107.74,107.74,107.74,0
1329,2021-02-02,108.83,108.83,108.83,108.83,0
1330,2021-02-03,109.17,109.17,109.17,109.17,0
1331,2021-02-04,109.86,109.86,109.86,109.86,0
1332,2021-02-05,110.29,110.29,110.29,110.29,0
1333,2021-02-08,110.6,110.6,110.6,110.6,0
1334,2021-02-09,110.54,110.54,110.54,110.54,0
1335,2021-02-10,110.29,110.29,110.29,110.29,0
1336,2021-02-11,110.83,110.83,110.83,110.83,0
1337,2021-02-12,111.24,111.24,111.24,111.24,0
1338,2021-02-15,111.71,111.71,111.71,111.71,0
1339,2021-02-16,111.68,111.68,111.68,111.68,0
1340,2021-02-17,110.9,110.9,110.9,110.9,0
1341,2021-02-18,110.45,110.45,110.45,110.45,0
1342,2021-02-19,111.09,111.09,111.09,111.09,0
1343,2021-02-22,110.74,110.74,110.74,110.74,0
1344,2021-02-23,110.32,110.32,110.32,110.32,0
1345,2021-02-24,110.79,110.79,110.79,110.79,0
1346,2021-02-25,110.52,110.52,110.52,110.52,0
1347,2021-02-26,110.15,110.15,110.15,110.15,0
1348,2021-03-01,111.33,111.33,111.33,111.33,0
1349,2021-03-02,111.29,111.29,111.29,111.29,0
1350,2021-03-03,111.86,111.86,111.86,111.86,0
1351,2021-03-04,111.34,111.34,111.34,111.34,0
1352,2021-03-05,110.5,110.5,110.5,110.5,0
1353,2021-03-08,112.35,112.35,112.35,112.35,0
1354,2021-03-09,112.58,112.58,112.58,112.58,0
1355,2021-03-10,112.85,112.85,112.85,112.85,0
1356,2021-03-11,112.98,112.98,112.98,112.98,0
1357,2021-03-12,113.17,113.17,113.17,113.17,0
1358,2021-03-15,112.93,112.93,112.93,112.93,0
1359,2021-03-16,113.39,113.39,113.39,113.39,0
1360,2021-03-17,113.56,113.56,113.56,113.56,0
1361,2021-03-18,114.26,114.26,114.26,114.26,0
1362,2021-03-19,113.43,113.43,113.43,113.43,0
1363,2021-03-22,113.37,113.37,113.37,113.37,0
1364,2021-03-23,112.59,112.59,112.59,112.59,0
1365,2021-03-24,112.46,112.46,112.46,112.46,0
1366,2021-03-25,112.7,112.7,112.7,112.7,0
1367,2021-03-26,113.47,113.47,113.47,113.47,0
1368,2021-03-29,113.33,113.33,113.33,113.33,0
1369,2021-03-30,114.41,114.41,114.41,114.41,0
1370,2021-03-31,114.07,114.07,114.07,114.07,0
1371,2021-04-01,114.82,114.82,114.82,114.82,0
1372,2021-04-06,115.22,115.22,115.22,115.22,0
1373,2021-04-07,115.1,115.1,115.1,115.1,0
1374,2021-04-08,114.94,114.94,114.94,114.94,0
1375,2021-04-09,114.95,114.95,114.95,114.95,0
1376,2021-04-12,114.8,114.8,114.8,114.8,0
1377,2021-04-13,115.28,115.28,115.28,115.28,0
1378,2021-04-14,115.31,115.31,115.31,115.31,0
1379,2021-04-15,115.29,115.29,115.29,115.29,0
1380,2021-04-16,116.1,116.1,116.1,116.1,0
1381,2021-04-19,115.84,115.84,115.84,115.84,0
1382,2021-04-20,114.49,114.49,114.49,114.49,0
1383,2021-04-21,114.59,114.59,114.59,114.59,0
1384,2021-04-22,114.88,114.88,114.88,114.88,0
1385,2021-04-23,115.13,115.13,115.13,115.13,0
1386,2021-04-26,115.42,115.42,115.42,115.42,0
1387,2021-04-27,115.31,115.31,115.31,115.31,0
1388,2021-04-28,115.55,115.55,115.55,115.55,0
1389,2021-04-29,115.27,115.27,115.27,115.27,0
1390,2021-04-30,115.09,115.09,115.09,115.09,0
1391,2021-05-03,115.55,115.55,115.55,115.55,0
1392,2021-05-04,114.73,114.73,114.73,114.73,0
1393,2021-05-05,116.07,116.07,116.07,116.07,0
1394,2021-05-06,115.92,115.92,115.92,115.92,0
1395,2021-05-07,116.33,116.33,116.33,116.33,0
1396,2021-05-10,116.33,116.33,116.33,116.33,0
1397,2021-05-11,114.92,114.92,114.92,114.92,0
1398,2021-05-12,114.53,114.53,114.53,114.53,0
1399,2021-05-14,115.47,115.47,115.47,115.47,0
1400,2021-05-17,115.08,115.08,115.08,115.08,0
1401,2021-05-18,115.02,115.02,115.02,115.02,0
1402,2021-05-19,113.46,113.46,113.46,113.46,0
1403,2021-05-20,114.37,114.37,114.37,114.37,0
1404,2021-05-21,114.64,114.64,114.64,114.64,0
1405,2021-05-25,115.11,115.11,115.11,115.11,0
1406,2021-05-26,115.0,115.0,115.0,115.0,0
1407,2021-05-27,115.72,115.72,115.72,115.72,0
1408,2021-05-28,116.31,116.31,116.31,116.31,0
1409,2021-05-31,115.99,115.99,115.99,115.99,0
1410,2021-06-01,116.71,116.71,116.71,116.71,0
1411,2021-06-02,116.64,116.64,116.64,116.64,0
1412,2021-06-03,116.65,116.65,116.65,116.65,0
1413,2021-06-04,117.13,117.13,117.13,117.13,0
1414,2021-06-07,117.37,117.37,117.37,117.37,0
1415,2021-06-08,117.18,117.18,117.18,117.18,0
1416,2021-06-09,117.33,117.33,117.33,117.33,0
1417,2021-06-10,117.41,117.41,117.41,117.41,0
1418,2021-06-11,118.05,118.05,118.05,118.05,0
1419,2021-06-14,118.01,118.01,118.01,118.01,0
1420,2021-06-15,118.11,118.11,118.11,118.11,0
1421,2021-06-16,118.04,118.04,118.04,118.04,0
1422,2021-06-17,118.3,118.3,118.3,118.3,0
1423,2021-06-18,116.86,116.86,116.86,116.86,0
1424,2021-06-21,117.35,117.35,117.35,117.35,0
1425,2021-06-22,117.47,117.47,117.47,117.47,0
1426,2021-06-23,116.86,116.86,116.86,116.86,0
1427,2021-06-24,117.94,117.94,117.94,117.94,0
1428,2021-06-25,118.17,118.17,118.17,118.17,0
1429,2021-06-28,117.31,117.31,117.31,117.31,0
1430,2021-06-29,117.56,117.56,117.56,117.56,0
1431,2021-06-30,117.02,117.02,117.02,117.02,0
1432,2021-07-01,117.52,117.52,117.52,117.52,0
1433,2021-07-02,117.84,117.84,117.84,117.84,0
1434,2021-07-05,117.99,117.99,117.99,117.99,0
1435,2021-07-06,117.5,117.5,117.5,117.5,0
1436,2021-07-07,117.73,117.73,117.73,117.73,0
1437,2021-07-08,116.3,116.3,116.3,116.3,0
1438,2021-07-09,117.51,117.51,117.51,117.51,0
1439,2021-07-12,117.77,117.77,117.77,117.77,0
1440,2021-07-13,117.75,117.75,117.75,117.75,0
1441,2021-07-15,116.88,116.88,116.88,116.88,0
1442,2021-07-16,116.22,116.22,116.22,116.22,0
1443,2021-07-19,114.5,114.5,114.5,114.5,0
1444,2021-07-20,115.05,115.05,115.05,115.05,0
1445,2021-07-21,116.66,116.66,116.66,116.66,0
1446,2021-07-22,117.62,117.62,117.62,117.62,0
1447,2021-07-23,118.75,118.75,118.75,118.75,0
1448,2021-07-26,118.96,118.96,118.96,118.96,0
1449,2021-07-28,118.73,118.73,118.73,118.73,0
1450,2021-07-29,118.92,118.92,118.92,118.92,0
1451,2021-07-30,118.68,118.68,118.68,118.68,0
1452,2021-08-02,119.22,119.22,119.22,119.22,0
1453,2021-08-03,119.55,119.55,119.55,119.55,0
1454,2021-08-04,120.62,120.62,120.62,120.62,0
1455,2021-08-05,120.99,120.99,120.99,120.99,0
1456,2021-08-06,121.08,121.08,121.08,121.08,0
1457,2021-08-09,121.12,121.12,121.12,121.12,0
1458,2021-08-10,121.3,121.3,121.3,121.3,0
1459,2021-08-11,121.58,121.58,121.58,121.58,0
1460,2021-08-12,121.88,121.88,121.88,121.88,0
1461,2021-08-13,122.02,122.02,122.02,122.02,0
1462,2021-08-16,121.65,121.65,121.65,121.65,0
1463,2021-08-17,121.33,121.33,121.33,121.33,0
1464,2021-08-18,121.58,121.58,121.58,121.58,0
1465,2021-08-19,120.18,120.18,120.18,120.18,0
1466,2021-08-20,120.46,120.46,120.46,120.46,0
1467,2021-08-23,120.91,120.91,120.91,120.91,0
1468,2021-08-24,120.9,120.9,120.9,120.9,0
1469,2021-08-25,121.19,121.19,121.19,121.19,0
1470,2021-08-26,121.03,121.03,121.03,121.03,0
1471,2021-08-27,121.4,121.4,121.4,121.4,0
1472,2021-08-30,121.38,121.38,121.38,121.38,0
1473,2021-08-31,121.12,121.12,121.12,121.12,0
1474,2021-09-01,121.53,121.53,121.53,121.53,0
1475,2021-09-02,121.9,121.9,121.9,121.9,0
1476,2021-09-03,121.26,121.26,121.26,121.26,0
1477,2021-09-06,121.72,121.72,121.72,121.72,0
1478,2021-09-07,121.62,121.62,121.62,121.62,0
1479,2021-09-08,120.6,120.6,120.6,120.6,0
1480,2021-09-09,120.92,120.92,120.92,120.92,0
1481,2021-09-10,120.95,120.95,120.95,120.95,0
1482,2021-09-13,120.96,120.96,120.96,120.96,0
1483,2021-09-14,121.41,121.41,121.41,121.41,0
1484,2021-09-15,121.06,121.06,121.06,121.06,0
1485,2021-09-16,121.76,121.76,121.76,121.76,0
1486,2021-09-17,121.02,121.02,121.02,121.02,0
1487,2021-09-20,119.5,119.5,119.5,119.5,0
1488,2021-09-21,120.61,120.61,120.61,120.61,0
1489,2021-09-22,121.18,121.18,121.18,121.18,0
1490,2021-09-23,121.98,121.98,121.98,121.98,0
1491,2021-09-24,121.56,121.56,121.56,121.56,0
1492,2021-09-27,121.31,121.31,121.31,121.31,0
1493,2021-09-28,118.92,118.92,118.92,118.92,0
1494,2021-09-29,119.45,119.45,119.45,119.45,0
1495,2021-09-30,119.04,119.04,119.04,119.04,0
1496,2021-10-01,118.73,118.73,118.73,118.73,0
1497,2021-10-04,117.79,117.79,117.79,117.79,0
1498,2021-10-05,119.2,119.2,119.2,119.2,0
1499,2021-10-06,118.0,118.0,118.0,118.0,0
1500,2021-10-07,119.32,119.32,119.32,119.32,0
1501,2021-10-08,119.08,119.08,119.08,119.08,0
1502,2021-10-11,119.19,119.19,119.19,119.19,0
1503,2021-10-12,118.89,118.89,118.89,118.89,0
1504,2021-10-13,119.43,119.43,119.43,119.43,0
1505,2021-10-14,120.56,120.56,120.56,120.56,0
1506,2021-10-15,121.22,121.22,121.22,121.22,0
1507,2021-10-18,120.54,120.54,120.54,120.54,0
1508,2021-10-19,120.77,120.77,120.77,120.77,0
1509,2021-10-20,120.52,120.52,120.52,120.52,0
1510,2021-10-21,120.6,120.6,120.6,120.6,0
1511,2021-10-22,121.32,121.32,121.32,121.32,0
1512,2021-10-25,121.36,121.36,121.36,121.36,0
1513,2021-10-26,121.92,121.92,121.92,121.92,0
1514,2021-10-27,122.21,122.21,122.21,122.21,0
1515,2021-10-28,123.08,123.08,123.08,123.08,0
1516,2021-10-29,123.31,123.31,123.31,123.31,0
1517,2021-11-02,124.65,124.65,124.65,124.65,0
1518,2021-11-03,124.75,124.75,124.75,124.75,0
1519,2021-11-04,125.22,125.22,125.22,125.22,0
1520,2021-11-05,125.51,125.51,125.51,125.51,0
1521,2021-11-08,125.61,125.61,125.61,125.61,0
1522,2021-11-09,125.43,125.43,125.43,125.43,0
1523,2021-11-10,125.36,125.36,125.36,125.36,0
1524,2021-11-12,125.77,125.77,125.77,125.77,0
1525,2021-11-15,126.04,126.04,126.04,126.04,0
1526,2021-11-16,126.12,126.12,126.12,126.12,0
1527,2021-11-17,126.36,126.36,126.36,126.36,0
1528,2021-11-18,126.24,126.24,126.24,126.24,0
1529,2021-11-19,125.61,125.61,125.61,125.61,0
1530,2021-11-22,125.26,125.26,125.26,125.26,0
1531,2021-11-23,123.94,123.94,123.94,123.94,0
1532,2021-11-24,123.61,123.61,123.61,123.61,0
1533,2021-11-25,124.07,124.07,124.07,124.07,0
1534,2021-11-26,120.98,120.98,120.98,120.98,0
1535,2021-11-29,121.28,121.28,121.28,121.28,0
1536,2021-11-30,120.9,120.9,120.9,120.9,0
1537,2021-12-01,122.71,122.71,122.71,122.71,0
1538,2021-12-02,121.56,121.56,121.56,121.56,0
1539,2021-12-03,120.84,120.84,120.84,120.84,0
1540,2021-12-06,121.34,121.34,121.34,121.34,0
1541,2021-12-07,123.84,123.84,123.84,123.84,0
1542,2021-12-08,123.3,123.3,123.3,123.3,0
1543,2021-12-09,123.11,123.11,123.11,123.11,0
1544,2021-12-10,122.71,122.71,122.71,122.71,0
1545,2021-12-13,122.34,122.34,122.34,122.34,0
1546,2021-12-14,121.38,121.38,121.38,121.38,0
1547,2021-12-15,121.61,121.61,121.61,121.61,0
1548,2021-12-16,122.16,122.16,122.16,122.16,0
1549,2021-12-17,121.11,121.11,121.11,121.11,0
1550,2021-12-20,120.17,120.17,120.17,120.17,0
1551,2021-12-21,121.25,121.25,121.25,121.25,0
1552,2021-12-22,122.46,122.46,122.46,122.46,0
1553,2021-12-23,123.2,123.2,123.2,123.2,0
1554,2021-12-27,123.71,123.71,123.71,123.71,0
1555,2021-12-28,124.16,124.16,124.16,124.16,0
1556,2021-12-29,124.05,124.05,124.05,124.05,0
1557,2021-12-30,124.21,124.21,124.21,124.21,0
1558,2021-12-31,123.97,123.97,123.97,123.97,0
1559,2022-01-03,124.28,124.28,124.28,124.28,0
1560,2022-01-04,125.09,125.09,125.09,125.09,0
1561,2022-01-05,125.68,125.68,125.68,125.68,0
1562,2022-01-06,124.38,124.38,124.38,124.38,0
1563,2022-01-07,124.17,124.17,124.17,124.17,0
1564,2022-01-10,122.28,122.28,122.28,122.28,0
1565,2022-01-11,123.31,123.31,123.31,123.31,0
1566,2022-01-12,124.31,124.31,124.31,124.31,0
1567,2022-01-13,124.77,124.77,124.77,124.77,0
1568,2022-01-14,123.89,123.89,123.89,123.89,0
1569,2022-01-17,124.53,124.53,124.53,124.53,0
1570,2022-01-18,123.53,123.53,123.53,123.53,0
1571,2022-01-19,123.2,123.2,123.2,123.2,0
1572,2022-01-20,123.44,123.44,123.44,123.44,0
1573,2022-01-21,122.07,122.07,122.07,122.07,0
1574,2022-01-24,118.29,118.29,118.29,118.29,0
1575,2022-01-25,118.48,118.48,118.48,118.48,0
1576,2022-01-26,120.07,120.07,120.07,120.07,0
1577,2022-01-27,120.42,120.42,120.42,120.42,0
1578,2022-01-28,119.67,119.67,119.67,119.67,0
1579,2022-01-31,120.42,120.42,120.42,120.42,0
1580,2022-02-01,121.58,121.58,121.58,121.58,0
1581,2022-02-02,121.84,121.84,121.84,121.84,0
1582,2022-02-03,120.52,120.52,120.52,120.52,0
1583,2022-02-04,119.24,119.24,119.24,119.24,0
1584,2022-02-07,119.62,119.62,119.62,119.62,0
1585,2022-02-08,119.87,119.87,119.87,119.87,0
1586,2022-02-09,121.64,121.64,121.64,121.64,0
1587,2022-02-10,121.65,121.65,121.65,121.65,0
1588,2022-02-11,120.94,120.94,120.94,120.94,0
1589,2022-02-14,119.78,119.78,119.78,119.78,0
1590,2022-02-15,121.09,121.09,121.09,121.09,0
1591,2022-02-16,120.69,120.69,120.69,120.69,0
1592,2022-02-17,120.08,120.08,120.08,120.08,0
1593,2022-02-18,119.6,119.6,119.6,119.6,0
1594,2022-02-21,118.22,118.22,118.22,118.22,0
1595,2022-02-22,118.21,118.21,118.21,118.21,0
1596,2022-02-23,117.97,117.97,117.97,117.97,0
1597,2022-02-24,115.2,115.2,115.2,115.2,0
1598,2022-02-25,117.79,117.79,117.79,117.79,0
1599,2022-02-28,116.92,116.92,116.92,116.92,0
1600,2022-03-01,114.54,114.54,114.54,114.54,0
1601,2022-03-02,114.97,114.97,114.97,114.97,0
1602,2022-03-03,113.74,113.74,113.74,113.74,0
1603,2022-03-04,109.98,109.98,109.98,109.98,0
1604,2022-03-07,109.09,109.09,109.09,109.09,0
1605,2022-03-08,108.55,108.55,108.55,108.55,0
1606,2022-03-09,113.44,113.44,113.44,113.44,0
1607,2022-03-10,111.71,111.71,111.71,111.71,0
1608,2022-03-11,112.44,112.44,112.44,112.44,0
1609,2022-03-14,113.49,113.49,113.49,113.49,0
1610,2022-03-15,113.69,113.69,113.69,113.69,0
1611,2022-03-16,116.92,116.92,116.92,116.92,0
1612,2022-03-17,116.82,116.82,116.82,116.82,0
1613,2022-03-18,117.25,117.25,117.25,117.25,0
1614,2022-03-21,117.0,117.0,117.0,117.0,0
1615,2022-03-22,117.67,117.67,117.67,117.67,0
1616,2022-03-23,116.66,116.66,116.66,116.66,0
1617,2022-03-24,116.17,116.17,116.17,116.17,0
1618,2022-03-25,116.21,116.21,116.21,116.21,0
1619,2022-03-28,116.6,116.6,116.6,116.6,0
1620,2022-03-29,119.18,119.18,119.18,119.18,0
1621,2022-03-30,117.99,117.99,117.99,117.99,0
1622,2022-03-31,117.04,117.04,117.04,117.04,0
1623,2022-04-01,116.56,116.56,116.56,116.56,0
1624,2022-04-04,117.02,117.02,117.02,117.02,0
1625,2022-04-05,115.22,115.22,115.22,115.22,0
1626,2022-04-06,112.98,112.98,112.98,112.98,0
1627,2022-04-07,112.77,112.77,112.77,112.77,0
1628,2022-04-08,113.31,113.31,113.31,113.31,0
1629,2022-04-11,112.88,112.88,112.88,112.88,0
1630,2022-04-12,112.92,112.92,112.92,112.92,0
1631,2022-04-13,113.13,113.13,113.13,113.13,0
1632,2022-04-14,113.48,113.48,113.48,113.48,0
1633,2022-04-19,113.43,113.43,113.43,113.43,0
1634,2022-04-20,114.81,114.81,114.81,114.81,0
1635,2022-04-21,115.85,115.85,115.85,115.85,0
1636,2022-04-22,114.55,114.55,114.55,114.55,0
1637,2022-04-25,113.33,113.33,113.33,113.33,0
1638,2022-04-26,112.73,112.73,112.73,112.73,0
1639,2022-04-27,112.89,112.89,112.89,112.89,0
1640,2022-04-28,113.6,113.6,113.6,113.6,0
1641,2022-04-29,113.97,113.97,113.97,113.97,0
1642,2022-05-02,112.82,112.82,112.82,112.82,0
1643,2022-05-03,113.33,113.33,113.33,113.33,0
1644,2022-05-04,112.63,112.63,112.63,112.63,0
1645,2022-05-05,112.41,112.41,112.41,112.41,0
1646,2022-05-06,111.56,111.56,111.56,111.56,0
1647,2022-05-09,109.63,109.63,109.63,109.63,0
1648,2022-05-10,109.73,109.73,109.73,109.73,0
1649,2022-05-11,110.92,110.92,110.92,110.92,0
1650,2022-05-12,110.5,110.5,110.5,110.5,0
1651,2022-05-13,112.39,112.39,112.39,112.39,0
1652,2022-05-16,112.01,112.01,112.01,112.01,0
1653,2022-05-17,113.16,113.16,113.16,113.16,0
1654,2022-05-19,111.51,111.51,111.51,111.51,0
1655,2022-05-20,111.53,111.53,111.53,111.53,0
1656,2022-05-23,112.12,112.12,112.12,112.12,0
1657,2022-05-24,110.91,110.91,110.91,110.91,0
1658,2022-05-25,111.16,111.16,111.16,111.16,0
1659,2022-05-27,113.44,113.44,113.44,113.44,0
1660,2022-05-30,114.11,114.11,114.11,114.11,0
1661,2022-05-31,112.9,112.9,112.9,112.9,0
1662,2022-06-01,112.85,112.85,112.85,112.85,0
1663,2022-06-02,113.72,113.72,113.72,113.72,0
1664,2022-06-03,113.35,113.35,113.35,113.35,0
1665,2022-06-07,113.67,113.67,113.67,113.67,0
1666,2022-06-08,113.43,113.43,113.43,113.43,0
1667,2022-06-09,112.37,112.37,112.37,112.37,0
1668,2022-06-10,109.75,109.75,109.75,109.75,0
1669,2022-06-13,107.51,107.51,107.51,107.51,0
1670,2022-06-14,106.96,106.96,106.96,106.96,0
1671,2022-06-15,107.76,107.76,107.76,107.76,0
1672,2022-06-16,105.59,105.59,105.59,105.59,0
1673,2022-06-17,105.89,105.89,105.89,105.89,0
1674,2022-06-20,106.18,106.18,106.18,106.18,0
1675,2022-06-21,106.97,106.97,106.97,106.97,0
1676,2022-06-22,106.43,106.43,106.43,106.43,0
1677,2022-06-23,105.47,105.47,105.47,105.47,0
1678,2022-06-24,106.93,106.93,106.93,106.93,0
1679,2022-06-27,106.83,106.83,106.83,106.83,0
1680,2022-06-28,106.75,106.75,106.75,106.75,0
1681,2022-06-29,106.13,106.13,106.13,106.13,0
1682,2022-06-30,105.23,105.23,105.23,105.23,0
1683,2022-07-01,104.92,104.92,104.92,104.92,0
1684,2022-07-04,104.86,104.86,104.86,104.86,0
1685,2022-07-05,103.42,103.42,103.42,103.42,0
1686,2022-07-06,104.49,104.49,104.49,104.49,0
1687,2022-07-07,105.48,105.48,105.48,105.48,0
1688,2022-07-08,106.21,106.21,106.21,106.21,0
1689,2022-07-11,105.97,105.97,105.97,105.97,0
1690,2022-07-12,106.12,106.12,106.12,106.12,0
1691,2022-07-13,105.66,105.66,105.66,105.66,0
1692,2022-07-15,106.48,106.48,106.48,106.48,0
1693,2022-07-18,106.99,106.99,106.99,106.99,0
1694,2022-07-19,107.79,107.79,107.79,107.79,0
1695,2022-07-20,107.68,107.68,107.68,107.68,0
1696,2022-07-21,108.61,108.61,108.61,108.61,0
1697,2022-07-22,108.34,108.34,108.34,108.34,0
1698,2022-07-25,108.58,108.58,108.58,108.58,0
1699,2022-07-26,108.52,108.52,108.52,108.52,0
1700,2022-07-27,109.23,109.23,109.23,109.23,0
1701,2022-07-28,109.85,109.85,109.85,109.85,0
1702,2022-07-29,111.12,111.12,111.12,111.12,0
1703,2022-08-01,111.02,111.02,111.02,111.02,0
1704,2022-08-02,110.85,110.85,110.85,110.85,0
1705,2022-08-03,111.19,111.19,111.19,111.19,0
1706,2022-08-04,111.47,111.47,111.47,111.47,0
1707,2022-08-05,110.69,110.69,110.69,110.69,0
1708,2022-08-08,111.02,111.02,111.02,111.02,0
1709,2022-08-09,110.56,110.56,110.56,110.56,0
1710,2022-08-10,111.12,111.12,111.12,111.12,0
1711,2022-08-11,111.43,111.43,111.43,111.43,0
1712,2022-08-12,111.4,111.4,111.4,111.4,0
1713,2022-08-16,111.74,111.74,111.74,111.74,0
1714,2022-08-17,111.13,111.13,111.13,111.13,0
1715,2022-08-18,111.38,111.38,111.38,111.38,0
1716,2022-08-19,110.87,110.87,110.87,110.87,0
1717,2022-08-22,109.91,109.91,109.91,109.91,0
1718,2022-08-23,109.74,109.74,109.74,109.74,0
1719,2022-08-24,109.98,109.98,109.98,109.98,0
1720,2022-08-25,110.28,110.28,110.28,110.28,0
1721,2022-08-26,109.33,109.33,109.33,109.33,0
1722,2022-08-29,108.59,108.59,108.59,108.59,0
1723,2022-08-30,108.05,108.05,108.05,108.05,0
1724,2022-08-31,107.18,107.18,107.18,107.18,0
1725,2022-09-01,106.13,106.13,106.13,106.13,0
1726,2022-09-02,107.49,107.49,107.49,107.49,0
1727,2022-09-05,106.68,106.68,106.68,106.68,0
1728,2022-09-06,106.76,106.76,106.76,106.76,0
1729,2022-09-07,106.58,106.58,106.58,106.58,0
1730,2022-09-08,107.06,107.06,107.06,107.06,0
1731,2022-09-09,107.98,107.98,107.98,107.98,0
1732,2022-09-12,108.98,108.98,108.98,108.98,0
1733,2022-09-13,107.9,107.9,107.9,107.9,0
1734,2022-09-14,107.6,107.6,107.6,107.6,0
1735,2022-09-15,107.32,107.32,107.32,107.32,0
1736,2022-09-16,106.6,106.6,106.6,106.6,0
1737,2022-09-19,106.63,106.63,106.63,106.63,0
1738,2022-09-20,105.72,105.72,105.72,105.72,0
1739,2022-09-21,106.21,106.21,106.21,106.21,0
1740,2022-09-22,104.9,104.9,104.9,104.9,0
1741,2022-09-23,103.81,103.81,103.81,103.81,0
1742,2022-09-26,103.86,103.86,103.86,103.86,0
1743,2022-09-27,103.91,103.91,103.91,103.91,0
1744,2022-09-28,104.07,104.07,104.07,104.07,0
1745,2022-09-29,103.08,103.08,103.08,103.08,0
1746,2022-09-30,103.84,103.84,103.84,103.84,0
1747,2022-10-03,104.03,104.03,104.03,104.03,0
1748,2022-10-04,106.39,106.39,106.39,106.39,0
1749,2022-10-05,105.95,105.95,105.95,105.95,0
1750,2022-10-06,105.85,105.85,105.85,105.85,0
1751,2022-10-07,104.74,104.74,104.74,104.74,0
1752,2022-10-10,104.2,104.2,104.2,104.2,0
1753,2022-10-11,103.96,103.96,103.96,103.96,0
1754,2022-10-12,103.82,103.82,103.82,103.82,0
1755,2022-10-13,104.02,104.02,104.02,104.02,0
1756,2022-10-14,103.93,103.93,103.93,103.93,0
1757,2022-10-17,105.16,105.16,105.16,105.16,0
1758,2022-10-18,105.8,105.8,105.8,105.8,0
1759,2022-10-19,105.77,105.77,105.77,105.77,0
1760,2022-10-20,106.27,106.27,106.27,106.27,0
1761,2022-10-21,106.08,106.08,106.08,106.08,0
1762,2022-10-24,107.32,107.32,107.32,107.32,0
1763,2022-10-25,108.23,108.23,108.23,108.23,0
1764,2022-10-26,108.48,108.48,108.48,108.48,0
1765,2022-10-27,107.8,107.8,107.8,107.8,0
1766,2022-10-28,108.12,108.12,108.12,108.12,0
1767,2022-10-31,107.99,107.99,107.99,107.99,0
1768,2022-11-02,108.11,108.11,108.11,108.11,0
1769,2022-11-03,107.77,107.77,107.77,107.77,0
1770,2022-11-04,109.09,109.09,109.09,109.09,0
1771,2022-11-07,109.36,109.36,109.36,109.36,0
1772,2022-11-08,109.96,109.96,109.96,109.96,0
1773,2022-11-09,109.92,109.92,109.92,109.92,0
1774,2022-11-10,112.15,112.15,112.15,112.15,0
1775,2022-11-14,112.78,112.78,112.78,112.78,0
1776,2022-11-15,113.2,113.2,113.2,113.2,0
1777,2022-11-16,111.91,111.91,111.91,111.91,0
1778,2022-11-17,111.97,111.97,111.97,111.97,0
1779,2022-11-18,112.8,112.8,112.8,112.8,0
1780,2022-11-21,112.85,112.85,112.85,112.85,0
1781,2022-11-22,113.29,113.29,113.29,113.29,0
1782,2022-11-23,113.59,113.59,113.59,113.59,0
1783,2022-11-24,113.69,113.69,113.69,113.69,0
1784,2022-11-25,113.95,113.95,113.95,113.95,0
1785,2022-11-28,113.23,113.23,113.23,113.23,0
1786,2022-11-29,113.39,113.39,113.39,113.39,0
1787,2022-11-30,113.94,113.94,113.94,113.94,0
1788,2022-12-01,114.61,114.61,114.61,114.61,0
1789,2022-12-02,114.49,114.49,114.49,114.49,0
1790,2022-12-05,114.14,114.14,114.14,114.14,0
1791,2022-12-06,113.84,113.84,113.84,113.84,0
1792,2022-12-07,113.45,113.45,113.45,113.45,0
1793,2022-12-08,113.44,113.44,113.44,113.44,0
1794,2022-12-09,114.29,114.29,114.29,114.29,0
1795,2022-12-12,113.86,113.86,113.86,113.86,0
1796,2022-12-13,115.16,115.16,115.16,115.16,0
1797,2022-12-14,114.91,114.91,114.91,114.91,0
1798,2022-12-15,112.4,112.4,112.4,112.4,0
1799,2022-12-16,111.49,111.49,111.49,111.49,0
1800,2022-12-19,111.53,111.53,111.53,111.53,0
1801,2022-12-20,111.36,111.36,111.36,111.36,0
1802,2022-12-21,112.68,112.68,112.68,112.68,0
1803,2022-12-22,111.9,111.9,111.9,111.9,0
1804,2022-12-23,111.71,111.71,111.71,111.71,0
1805,2022-12-27,112.04,112.04,112.04,112.04,0
1806,2022-12-28,111.46,111.46,111.46,111.46,0
1807,2022-12-29,112.39,112.39,112.39,112.39,0
1808,2022-12-30,111.42,111.42,111.42,111.42,0
1809,2023-01-02,112.62,112.62,112.62,112.62,0
1810,2023-01-03,113.54,113.54,113.54,113.54,0
1811,2023-01-04,115.46,115.46,115.46,115.46,0
1812,2023-01-05,115.68,115.68,115.68,115.68,0
1813,2023-01-06,116.77,116.77,116.77,116.77,0
1814,2023-01-09,117.65,117.65,117.65,117.65,0
1815,2023-01-10,117.04,117.04,117.04,117.04,0
1816,2023-01-11,117.22,117.22,117.22,117.22,0
1817,2023-01-12,117.94,117.94,117.94,117.94,0
1818,2023-01-13,118.48,118.48,118.48,118.48,0
1819,2023-01-16,118.86,118.86,118.86,118.86,0
1820,2023-01-17,119.13,119.13,119.13,119.13,0
1821,2023-01-18,119.76,119.76,119.76,119.76,0
1822,2023-01-19,117.94,117.94,117.94,117.94,0
1823,2023-01-20,118.08,118.08,118.08,118.08,0
1824,2023-01-23,118.95,118.95,118.95,118.95,0
1825,2023-01-24,119.21,119.21,119.21,119.21,0
1826,2023-01-25,118.99,118.99,118.99,118.99,0
1827,2023-01-26,119.85,119.85,119.85,119.85,0
1828,2023-01-27,120.47,120.47,120.47,120.47,0
1829,2023-01-30,119.92,119.92,119.92,119.92,0
1830,2023-01-31,119.76,119.76,119.76,119.76,0
1831,2023-02-01,120.57,120.57,120.57,120.57,0
1832,2023-02-02,122.34,122.34,122.34,122.34,0
1833,2023-02-03,123.17,123.17,123.17,123.17,0
1834,2023-02-06,122.03,122.03,122.03,122.03,0
1835,2023-02-07,121.8,121.8,121.8,121.8,0
1836,2023-02-08,121.45,121.45,121.45,121.45,0
1837,2023-02-09,122.86,122.86,122.86,122.86,0
1838,2023-02-10,121.9,121.9,121.9,121.9,0
1839,2023-02-13,122.57,122.57,122.57,122.57,0
1840,2023-02-14,122.81,122.81,122.81,122.81,0
1841,2023-02-15,123.88,123.88,123.88,123.88,0
1842,2023-02-16,123.87,123.87,123.87,123.87,0
1843,2023-02-17,123.92,123.92,123.92,123.92,0
1844,2023-02-20,123.71,123.71,123.71,123.71,0
1845,2023-02-21,123.02,123.02,123.02,123.02,0
1846,2023-02-22,122.85,122.85,122.85,122.85,0
1847,2023-02-23,123.47,123.47,123.47,123.47,0
1848,2023-02-24,122.56,122.56,122.56,122.56,0
1849,2023-02-27,123.71,123.71,123.71,123.71,0
1850,2023-02-28,123.75,123.75,123.75,123.75,0
1851,2023-03-01,124.25,124.25,124.25,124.25,0
1852,2023-03-02,124.54,124.54,124.54,124.54,0
1853,2023-03-03,125.56,125.56,125.56,125.56,0
1854,2023-03-06,125.94,125.94,125.94,125.94,0
1855,2023-03-07,125.35,125.35,125.35,125.35,0
1856,2023-03-08,125.49,125.49,125.49,125.49,0
1857,2023-03-09,125.32,125.32,125.32,125.32,0
1858,2023-03-10,123.98,123.98,123.98,123.98,0
1859,2023-03-13,120.69,120.69,120.69,120.69,0
1860,2023-03-14,122.32,122.32,122.32,122.32,0
1861,2023-03-15,119.36,119.36,119.36,119.36,0
1862,2023-03-16,120.7,120.7,120.7,120.7,0
1863,2023-03-17,119.64,119.64,119.64,119.64,0
1864,2023-03-20,120.2,120.2,120.2,120.2,0
1865,2023-03-21,121.3,121.3,121.3,121.3,0
1866,2023-03-22,121.54,121.54,121.54,121.54,0
1867,2023-03-23,121.55,121.55,121.55,121.55,0
1868,2023-03-24,119.62,119.62,119.62,119.62,0
1869,2023-03-27,120.51,120.51,120.51,120.51,0
1870,2023-03-28,120.1,120.1,120.1,120.1,0
1871,2023-03-29,121.48,121.48,121.48,121.48,0
1872,2023-03-30,122.42,122.42,122.42,122.42,0
1873,2023-03-31,122.79,122.79,122.79,122.79,0
1874,2023-04-03,122.34,122.34,122.34,122.34,0
1875,2023-04-04,121.94,121.94,121.94,121.94,0
1876,2023-04-05,120.69,120.69,120.69,120.69,0
1877,2023-04-06,120.72,120.72,120.72,120.72,0
1878,2023-04-11,121.24,121.24,121.24,121.24,0
1879,2023-04-12,121.51,121.51,121.51,121.51,0
1880,2023-04-13,122.39,122.39,122.39,122.39,0
1881,2023-04-14,122.85,122.85,122.85,122.85,0
1882,2023-04-17,122.41,122.41,122.41,122.41,0
1883,2023-04-18,123.02,123.02,123.02,123.02,0
1884,2023-04-19,122.92,122.92,122.92,122.92,0
1885,2023-04-20,122.51,122.51,122.51,122.51,0
1886,2023-04-21,122.02,122.02,122.02,122.02,0
1887,2023-04-24,122.0,122.0,122.0,122.0,0
1888,2023-04-25,121.7,121.7,121.7,121.7,0
1889,2023-04-26,120.89,120.89,120.89,120.89,0
1890,2023-04-27,120.83,120.83,120.83,120.83,0
1891,2023-04-28,121.15,121.15,121.15,121.15,0
1892,2023-05-02,120.55,120.55,120.55,120.55,0
1893,2023-05-03,120.64,120.64,120.64,120.64,0
1894,2023-05-04,119.42,119.42,119.42,119.42,0
1895,2023-05-05,120.17,120.17,120.17,120.17,0
1896,2023-05-09,120.62,120.62,120.62,120.62,0
1897,2023-05-11,120.88,120.88,120.88,120.88,0
1898,2023-05-12,121.25,121.25,121.25,121.25,0
1899,2023-05-15,121.17,121.17,121.17,121.17,0
1900,2023-05-16,121.15,121.15,121.15,121.15,0
1901,2023-05-17,121.55,121.55,121.55,121.55,0
1902,2023-05-19,122.9,122.9,122.9,122.9,0
1903,2023-05-22,123.13,123.13,123.13,123.13,0
1904,2023-05-23,122.07,122.07,122.07,122.07,0
1905,2023-05-24,120.49,120.49,120.49,120.49,0
1906,2023-05-25,120.72,120.72,120.72,120.72,0
1907,2023-05-26,121.74,121.74,121.74,121.74,0
1908,2023-05-30,121.36,121.36,121.36,121.36,0
1909,2023-05-31,120.64,120.64,120.64,120.64,0
1910,2023-06-01,121.39,121.39,121.39,121.39,0
1911,2023-06-02,121.88,121.88,121.88,121.88,0
1912,2023-06-05,121.51,121.51,121.51,121.51,0
1913,2023-06-06,121.78,121.78,121.78,121.78,0
1914,2023-06-07,121.92,121.92,121.92,121.92,0
1915,2023-06-08,122.17,122.17,122.17,122.17,0
1916,2023-06-09,121.9,121.9,121.9,121.9,0
1917,2023-06-12,122.86,122.86,122.86,122.86,0
1918,2023-06-13,123.5,123.5,123.5,123.5,0
1919,2023-06-14,123.99,123.99,123.99,123.99,0
1920,2023-06-15,123.78,123.78,123.78,123.78,0
1921,2023-06-16,124.29,124.29,124.29,124.29,0
1922,2023-06-19,123.59,123.59,123.59,123.59,0
1923,2023-06-20,123.18,123.18,123.18,123.18,0
1924,2023-06-21,122.82,122.82,122.82,122.82,0
1925,2023-06-22,122.17,122.17,122.17,122.17,0
1926,2023-06-23,121.65,121.65,121.65,121.65,0
1927,2023-06-26,121.69,121.69,121.69,121.69,0
1928,2023-06-27,122.13,122.13,122.13,122.13,0
1929,2023-06-28,122.91,122.91,122.91,122.91,0
1930,2023-06-29,123.19,123.19,123.19,123.19,0
1931,2023-06-30,123.95,123.95,123.95,123.95,0
1932,2023-07-03,123.62,123.62,123.62,123.62,0
1933,2023-07-04,123.25,123.25,123.25,123.25,0
1934,2023-07-05,122.94,122.94,122.94,122.94,0
1935,2023-07-06,120.54,120.54,120.54,120.54,0
1936,2023-07-07,120.75,120.75,120.75,120.75,0
1937,2023-07-10,121.2,121.2,121.2,121.2,0
1938,2023-07-11,121.76,121.76,121.76,121.76,0
1939,2023-07-12,123.14,123.14,123.14,123.14,0
1940,2023-07-13,123.63,123.63,123.63,123.63,0
1941,2023-07-17,123.43,123.43,123.43,123.43,0
1942,2023-07-18,123.56,123.56,123.56,123.56,0
1943,2023-07-19,123.15,123.15,123.15,123.15,0
1944,2023-07-20,123.4,123.4,123.4,123.4,0
1945,2023-07-21,123.41,123.41,123.41,123.41,0
1946,2023-07-24,123.19,123.19,123.19,123.19,0
1947,2023-07-25,123.15,123.15,123.15,123.15,0
1948,2023-07-26,122.4,122.4,122.4,122.4,0
1949,2023-07-27,125.08,125.08,125.08,125.08,0
1950,2023-07-28,124.77,124.77,124.77,124.77,0
1951,2023-07-31,124.78,124.78,124.78,124.78,0
1952,2023-08-01,123.97,123.97,123.97,123.97,0
1953,2023-08-02,123.17,123.17,123.17,123.17,0
1954,2023-08-03,122.56,122.56,122.56,122.56,0
1955,2023-08-04,122.77,122.77,122.77,122.77,0
1956,2023-08-07,122.78,122.78,122.78,122.78,0
1957,2023-08-08,122.23,122.23,122.23,122.23,0
1958,2023-08-09,122.3,122.3,122.3,122.3,0
1959,2023-08-10,123.06,123.06,123.06,123.06,0
1960,2023-08-11,121.93,121.93,121.93,121.93,0
1961,2023-08-14,122.02,122.02,122.02,122.02,0
1962,2023-08-16,121.23,121.23,121.23,121.23,0
1963,2023-08-17,120.14,120.14,120.14,120.14,0
1964,2023-08-18,119.74,119.74,119.74,119.74,0
1965,2023-08-21,120.1,120.1,120.1,120.1,0
1966,2023-08-22,120.72,120.72,120.72,120.72,0
1967,2023-08-23,121.04,121.04,121.04,121.04,0
1968,2023-08-24,120.16,120.16,120.16,120.16,0
1969,2023-08-25,120.19,120.19,120.19,120.19,0
1970,2023-08-28,121.25,121.25,121.25,121.25,0
1971,2023-08-29,121.89,121.89,121.89,121.89,0
1972,2023-08-30,121.84,121.84,121.84,121.84,0
1973,2023-08-31,121.59,121.59,121.59,121.59,0
1974,2023-09-01,121.26,121.26,121.26,121.26,0
1975,2023-09-04,121.03,121.03,121.03,121.03,0
1976,2023-09-05,121.07,121.07,121.07,121.07,0
1977,2023-09-06,120.66,120.66,120.66,120.66,0
1978,2023-09-07,120.18,120.18,120.18,120.18,0
1979,2023-09-08,120.37,120.37,120.37,120.37,0
1980,2023-09-11,120.53,120.53,120.53,120.53,0
1981,2023-09-12,120.55,120.55,120.55,120.55,0
1982,2023-09-13,120.14,120.14,120.14,120.14,0
1983,2023-09-14,120.92,120.92,120.92,120.92,0
1984,2023-09-15,120.93,120.93,120.93,120.93,0
1985,2023-09-18,119.84,119.84,119.84,119.84,0
1986,2023-09-19,120.02,120.02,120.02,120.02,0
1987,2023-09-20,120.92,120.92,120.92,120.92,0
1988,2023-09-21,119.96,119.96,119.96,119.96,0
1989,2023-09-22,119.39,119.39,119.39,119.39,0
1990,2023-09-25,119.35,119.35,119.35,119.35,0
1991,2023-09-26,119.2,119.2,119.2,119.2,0
1992,2023-09-27,119.04,119.04,119.04,119.04,0
1993,2023-09-28,119.84,119.84,119.84,119.84,0
1994,2023-09-29,119.66,119.66,119.66,119.66,0
1995,2023-10-02,118.88,118.88,118.88,118.88,0
1996,2023-10-03,117.74,117.74,117.74,117.74,0
1997,2023-10-04,118.0,118.0,118.0,118.0,0
1998,2023-10-05,117.84,117.84,117.84,117.84,0
1999,2023-10-06,118.92,118.92,118.92,118.92,0
2000,2023-10-09,118.36,118.36,118.36,118.36,0
2001,2023-10-10,119.79,119.79,119.79,119.79,0
2002,2023-10-11,120.23,120.23,120.23,120.23,0
2003,2023-10-12,120.95,120.95,120.95,120.95,0
2004,2023-10-13,119.8,119.8,119.8,119.8,0
2005,2023-10-16,119.75,119.75,119.75,119.75,0
2006,2023-10-17,120.09,120.09,120.09,120.09,0
2007,2023-10-18,119.04,119.04,119.04,119.04,0
2008,2023-10-19,118.02,118.02,118.02,118.02,0
2009,2023-10-20,116.71,116.71,116.71,116.71,0
2010,2023-10-23,117.21,117.21,117.21,117.21,0
2011,2023-10-24,117.38,117.38,117.38,117.38,0
2012,2023-10-25,117.72,117.72,117.72,117.72,0
2013,2023-10-26,117.38,117.38,117.38,117.38,0
2014,2023-10-27,116.9,116.9,116.9,116.9,0
2015,2023-10-30,117.2,117.2,117.2,117.2,0
2016,2023-10-31,117.61,117.61,117.61,117.61,0
2017,2023-11-02,119.46,119.46,119.46,119.46,0
2018,2023-11-03,119.23,119.23,119.23,119.23,0
2019,2023-11-06,119.16,119.16,119.16,119.16,0
2020,2023-11-07,119.2,119.2,119.2,119.2,0
2021,2023-11-08,119.79,119.79,119.79,119.79,0
2022,2023-11-09,120.13,120.13,120.13,120.13,0
2023,2023-11-10,119.86,119.86,119.86,119.86,0
2024,2023-11-13,120.29,120.29,120.29,120.29,0
2025,2023-11-14,120.91,120.91,120.91,120.91,0
2026,2023-11-15,121.13,121.13,121.13,121.13,0
2027,2023-11-16,120.96,120.96,120.96,120.96,0
2028,2023-11-17,121.84,121.84,121.84,121.84,0
2029,2023-11-20,122.16,122.16,122.16,122.16,0
2030,2023-11-21,122.1,122.1,122.1,122.1,0
2031,2023-11-22,122.55,122.55,122.55,122.55,0
2032,2023-11-23,122.64,122.64,122.64,122.64,0
2033,2023-11-24,122.92,122.92,122.92,122.92,0
2034,2023-11-27,122.64,122.64,122.64,122.64,0
2035,2023-11-28,122.51,122.51,122.51,122.51,0
2036,2023-11-29,123.32,123.32,123.32,123.32,0
2037,2023-11-30,123.64,123.64,123.64,123.64,0
2038,2023-12-01,124.17,124.17,124.17,124.17,0
2039,2023-12-04,123.87,123.87,123.87,123.87,0
2040,2023-12-05,124.57,124.57,124.57,124.57,0
2041,2023-12-06,124.99,124.99,124.99,124.99,0
2042,2023-12-07,124.67,124.67,124.67,124.67,0
2043,2023-12-08,125.5,125.5,125.5,125.5,0
2044,2023-12-11,125.99,125.99,125.99,125.99,0
2045,2023-12-12,126.05,126.05,126.05,126.05,0
2046,2023-12-13,125.98,125.98,125.98,125.98,0
2047,2023-12-14,126.1,126.1,126.1,126.1,0
2048,2023-12-15,126.61,126.61,126.61,126.61,0
2049,2023-12-18,126.04,126.04,126.04,126.04,0
2050,2023-12-19,126.31,126.31,126.31,126.31,0
2051,2023-12-20,126.55,126.55,126.55,126.55,0
2052,2023-12-21,126.52,126.52,126.52,126.52,0
2053,2023-12-22,126.56,126.56,126.56,126.56,0
2054,2023-12-27,126.6,126.6,126.6,126.6,0
2055,2023-12-28,126.4,126.4,126.4,126.4,0
2056,2023-12-29,126.4,126.4,126.4,126.4,0
2057,2024-01-02,126.09,126.09,126.09,126.09,0
2058,2024-01-03,124.56,124.56,124.56,124.56,0
2059,2024-01-04,125.02,125.02,125.02,125.02,0
2060,2024-01-05,124.74,124.74,124.74,124.74,0
2061,2024-01-08,125.09,125.09,125.09,125.09,0
2062,2024-01-09,124.98,124.98,124.98,124.98,0
2063,2024-01-10,125.15,125.15,125.15,125.15,0
2064,2024-01-11,124.84,124.84,124.84,124.84,0
2065,2024-01-12,125.75,125.75,125.75,125.75,0
2066,2024-01-15,125.49,125.49,125.49,125.49,0
2067,2024-01-16,125.62,125.62,125.62,125.62,0
2068,2024-01-17,125.43,125.43,125.43,125.43,0
2069,2024-01-18,126.7,126.7,126.7,126.7,0
2070,2024-01-19,126.59,126.59,126.59,126.59,0
2071,2024-01-22,127.47,127.47,127.47,127.47,0
2072,2024-01-23,126.74,126.74,126.74,126.74,0
2073,2024-01-24,128.0,128.0,128.0,128.0,0
2074,2024-01-25,128.52,128.52,128.52,128.52,0
2075,2024-01-26,129.44,129.44,129.44,129.44,0
2076,2024-01-29,129.49,129.49,129.49,129.49,0
2077,2024-01-30,130.43,130.43,130.43,130.43,0
2078,2024-01-31,130.39,130.39,130.39,130.39,0
2079,2024-02-01,130.32,130.32,130.32,130.32,0
2080,2024-02-02,130.62,130.62,130.62,130.62,0
2081,2024-02-05,131.04,131.04,131.04,131.04,0
2082,2024-02-06,131.52,131.52,131.52,131.52,0
2083,2024-02-07,131.81,131.81,131.81,131.81,0
2084,2024-02-08,132.39,132.39,132.39,132.39,0
2085,2024-02-09,132.84,132.84,132.84,132.84,0
2086,2024-02-12,133.18,133.18,133.18,133.18,0
2087,2024-02-13,132.2,132.2,132.2,132.2,0
2088,2024-02-14,132.87,132.87,132.87,132.87,0
2089,2024-02-15,133.66,133.66,133.66,133.66,0
2090,2024-02-16,134.04,134.04,134.04,134.04,0
2091,2024-02-19,134.03,134.03,134.03,134.03,0
2092,2024-02-20,133.75,133.75,133.75,133.75,0
2093,2024-02-21,133.85,133.85,133.85,133.85,0
2094,2024-02-22,135.34,135.34,135.34,135.34,0
2095,2024-02-23,135.67,135.67,135.67,135.67,0
2096,2024-02-26,135.51,135.51,135.51,135.51,0
2097,2024-02-27,135.54,135.54,135.54,135.54,0
2098,2024-02-28,135.81,135.81,135.81,135.81,0
2099,2024-02-29,135.85,135.85,135.85,135.85,0
2100,2024-03-01,136.15,136.15,136.15,136.15,0
2101,2024-03-04,136.77,136.77,136.77,136.77,0
2102,2024-03-05,136.11,136.11,136.11,136.11,0
2103,2024-03-06,136.34,136.34,136.34,136.34,0
2104,2024-03-07,137.83,137.83,137.83,137.83,0
2105,2024-03-08,137.37,137.37,137.37,137.37,0
2106,2024-03-11,136.72,136.72,136.72,136.72,0
2107,2024-03-12,137.56,137.56,137.56,137.56,0
2108,2024-03-13,138.0,138.0,138.0,138.0,0
2109,2024-03-14,138.23,138.23,138.23,138.23,0
2110,2024-03-15,137.97,137.97,137.97,137.97,0
2111,2024-03-18,137.92,137.92,137.92,137.92,0
2112,2024-03-19,138.32,138.32,138.32,138.32,0
2113,2024-03-20,138.28,138.28,138.28,138.28,0
2114,2024-03-21,138.78,138.78,138.78,138.78,0
2115,2024-03-22,138.48,138.48,138.48,138.48,0
2116,2024-03-25,138.6,138.6,138.6,138.6,0
2117,2024-03-26,138.62,138.62,138.62,138.62,0
2118,2024-03-27,138.65,138.65,138.65,138.65,0
2119,2024-03-28,138.63,138.63,138.63,138.63,0
2120,2024-04-02,137.51,137.51,137.51,137.51,0
2121,2024-04-03,137.98,137.98,137.98,137.98,0
2122,2024-04-04,137.77,137.77,137.77,137.77,0
2123,2024-04-05,137.27,137.27,137.27,137.27,0
2124,2024-04-08,137.82,137.82,137.82,137.82,0
2125,2024-04-09,136.74,136.74,136.74,136.74,0
2126,2024-04-10,136.7,136.7,136.7,136.7,0
2127,2024-04-11,136.6,136.6,136.6,136.6,0
2128,2024-04-12,136.51,136.51,136.51,136.51,0
2129,2024-04-15,136.76,136.76,136.76,136.76,0
2130,2024-04-16,135.6,135.6,135.6,135.6,0
2131,2024-04-17,135.39,135.39,135.39,135.39,0
2132,2024-04-18,135.0,135.0,135.0,135.0,0
2133,2024-04-19,134.6,134.6,134.6,134.6,0
2134,2024-04-22,134.81,134.81,134.81,134.81,0
2135,2024-04-23,136.24,136.24,136.24,136.24,0
2136,2024-04-24,136.13,136.13,136.13,136.13,0
2137,2024-04-25,134.96,134.96,134.96,134.96,0
2138,2024-04-26,136.12,136.12,136.12,136.12,0
2139,2024-04-29,135.76,135.76,135.76,135.76,0
2140,2024-04-30,134.67,134.67,134.67,134.67,0
2141,2024-05-02,134.04,134.04,134.04,134.04,0
2142,2024-05-03,134.65,134.65,134.65,134.65,0
2143,2024-05-06,135.08,135.08,135.08,135.08,0
2144,2024-05-07,135.87,135.87,135.87,135.87,0
2145,2024-05-10,137.39,137.39,137.39,137.39,0
2146,2024-05-13,137.3,137.3,137.3,137.3,0
2147,2024-05-14,137.33,137.33,137.33,137.33,0
2148,2024-05-15,137.7,137.7,137.7,137.7,0
2149,2024-05-16,137.63,137.63,137.63,137.63,0
2150,2024-05-17,137.52,137.52,137.52,137.52,0
2151,2024-05-21,137.6,137.6,137.6,137.6,0
2152,2024-05-22,137.27,137.27,137.27,137.27,0
2153,2024-05-23,138.05,138.05,138.05,138.05,0
2154,2024-05-24,138.18,138.18,138.18,138.18,0
2155,2024-05-27,138.52,138.52,138.52,138.52,0
2156,2024-05-28,137.95,137.95,137.95,137.95,0
2157,2024-05-29,136.99,136.99,136.99,136.99,0
2158,2024-05-30,137.12,137.12,137.12,137.12,0
2159,2024-05-31,136.85,136.85,136.85,136.85,0
2160,2024-06-03,137.18,137.18,137.18,137.18,0
2161,2024-06-04,136.34,136.34,136.34,136.34,0
2162,2024-06-05,137.72,137.72,137.72,137.72,0
2163,2024-06-06,138.71,138.71,138.71,138.71,0
2164,2024-06-07,138.51,138.51,138.51,138.51,0
2165,2024-06-10,137.81,137.81,137.81,137.81,0
2166,2024-06-11,136.63,136.63,136.63,136.63,0
2167,2024-06-12,137.76,137.76,137.76,137.76,0
2168,2024-06-13,136.09,136.09,136.09,136.09,0
2169,2024-06-14,134.08,134.08,134.08,134.08,0
2170,2024-06-17,134.71,134.71,134.71,134.71,0
2171,2024-06-18,135.38,135.38,135.38,135.38,0
2172,2024-06-19,135.14,135.14,135.14,135.14,0
