,date,value
0,2021-12-08,1.0
1,2021-12-08,1.003534424776991
2,2021-12-08,1.003534424776991
3,2021-12-09,1.0012751293824151
4,2021-12-09,1.0012751293824151
5,2021-12-09,0.9928256399745912
6,2021-12-10,0.9914550964594366
7,2021-12-10,0.9851563341908542
8,2021-12-10,0.9851563341908542
9,2021-12-13,0.9783712543129719
10,2021-12-13,0.9783712543129719
11,2021-12-13,0.9826148843129219
12,2021-12-14,0.9844210972817229
13,2021-12-14,0.9840571307469532
14,2021-12-14,0.9840571307469532
15,2021-12-15,0.9722905962241415
16,2021-12-15,0.9722905962241415
17,2021-12-15,0.9729066345625701
18,2021-12-16,0.976255843552956
19,2021-12-16,0.9909067021705048
20,2021-12-16,0.9909067021705048
21,2021-12-17,0.9953566301492722
22,2021-12-17,0.9953566301492722
23,2021-12-17,1.0045340526266353
24,2021-12-20,1.002142408805366
25,2021-12-20,1.0015107004042654
26,2021-12-20,1.0015107004042654
27,2021-12-21,1.0021685421837323
28,2021-12-21,1.0021685421837323
29,2021-12-21,1.0085420583891795
30,2021-12-22,1.009917140131853
31,2021-12-22,1.008800775960731
32,2021-12-22,1.008800775960731
33,2021-12-23,1.0156541890784203
34,2021-12-23,1.0156541890784203
35,2021-12-23,1.0149302781328706
36,2021-12-24,1.014637824815738
37,2021-12-24,1.0189173286260917
38,2021-12-24,1.0189173286260917
39,2021-12-27,1.0264854932074226
40,2021-12-27,1.0264854932074226
41,2021-12-27,1.0239756692720046
42,2021-12-28,1.0255567450229568
43,2021-12-28,1.0293385230098744
44,2021-12-28,1.0293385230098744
45,2021-12-29,1.0190361350522839
46,2021-12-29,1.0190361350522839
47,2021-12-29,1.0204822311155122
48,2021-12-30,1.020601040277001
49,2021-12-30,1.017516747196012
50,2021-12-30,1.017516747196012
51,2021-12-31,1.0143945285511395
52,2021-12-31,1.0143945285511395
53,2021-12-31,1.0203873547636726
54,2022-01-03,1.0235266583451013
55,2022-01-03,1.0180363038789977
56,2022-01-03,1.0180363038789977
57,2022-01-04,1.0226520405958455
58,2022-01-04,1.0226520405958455
59,2022-01-04,1.0187535028191246
60,2022-01-05,1.0200329860815185
61,2022-01-05,1.0134114812115336
62,2022-01-05,1.0134114812115336
63,2022-01-06,1.0083662983188058
64,2022-01-06,1.0083662983188058
65,2022-01-06,1.0048212153176026
66,2022-01-07,1.0077155112106557
67,2022-01-07,1.0126174470932114
68,2022-01-07,1.0126174470932114
69,2022-01-10,1.0189347140481024
70,2022-01-10,1.0189347140481024
71,2022-01-10,1.0293109023015439
72,2022-01-11,1.030012941341267
73,2022-01-11,1.0378417924472285
74,2022-01-11,1.0378417924472285
75,2022-01-12,1.0420555599257262
76,2022-01-12,1.0420555599257262
77,2022-01-12,1.0380809533494708
78,2022-01-13,1.0406608391228953
79,2022-01-13,1.0421177382817093
80,2022-01-13,1.0421177382817093
81,2022-01-14,1.0427941110378163
82,2022-01-14,1.0427941110378163
83,2022-01-14,1.0479559226537545
84,2022-01-17,1.0487742503675044
85,2022-01-17,1.042586363282231
86,2022-01-17,1.042586363282231
87,2022-01-18,1.0409291110530634
88,2022-01-18,1.0409291110530634
89,2022-01-18,1.0587750433848369
90,2022-01-19,1.0556783190593881
91,2022-01-19,1.0509525704630773
92,2022-01-19,1.0509525704630773
93,2022-01-20,1.0526799726389218
94,2022-01-20,1.0526799726389218
95,2022-01-20,1.0450507923812016
96,2022-01-21,1.04037830064182
97,2022-01-21,1.0467019103261708
98,2022-01-21,1.0467019103261708
99,2022-01-24,1.0433899532070336
100,2022-01-24,1.0433899532070336
101,2022-01-24,1.0562906538557817
102,2022-01-25,1.0619622124465242
103,2022-01-25,1.059090436963426
104,2022-01-25,1.059090436963426
105,2022-01-26,1.0687066009586872
106,2022-01-26,1.0687066009586872
107,2022-01-26,1.0751051983671616
108,2022-01-27,1.0781154871581011
109,2022-01-27,1.0735762620890685
110,2022-01-27,1.0735762620890685
111,2022-01-28,1.0697242566411198
112,2022-01-28,1.0697242566411198
113,2022-01-28,1.066944173886343
114,2022-01-31,1.0673542712050583
115,2022-01-31,1.0582456868652113
116,2022-01-31,1.0582456868652113
117,2022-02-01,1.0716830237518513
118,2022-02-01,1.0716830237518513
119,2022-02-01,1.0721131070217593
120,2022-02-02,1.073709868902614
121,2022-02-02,1.0724868259926448
122,2022-02-02,1.0724868259926448
123,2022-02-03,1.0722656193737232
124,2022-02-03,1.0722656193737232
125,2022-02-03,1.070311255596967
126,2022-02-04,1.0701980046196156
127,2022-02-04,1.0712932349010835
128,2022-02-04,1.0712932349010835
129,2022-02-07,1.072653320066208
130,2022-02-07,1.072653320066208
131,2022-02-07,1.0678024709439622
132,2022-02-08,1.0737437909797047
133,2022-02-08,1.0622449300390868
134,2022-02-08,1.0622449300390868
135,2022-02-09,1.0659350660865452
136,2022-02-09,1.0659350660865452
137,2022-02-09,1.069897640553662
138,2022-02-10,1.0707600902343546
139,2022-02-10,1.0703217205202014
140,2022-02-10,1.0703217205202014
141,2022-02-11,1.0799001138679056
142,2022-02-11,1.0799001138679056
143,2022-02-11,1.0924914449294296
144,2022-02-14,1.0823772622756909
145,2022-02-14,1.0850955901164998
146,2022-02-14,1.0850955901164998
147,2022-02-15,1.0911745357842564
148,2022-02-15,1.0911745357842564
149,2022-02-15,1.1147792679412025
150,2022-02-16,1.111747626631658
151,2022-02-16,1.1208366345081169
152,2022-02-16,1.1208366345081169
153,2022-02-17,1.1146910921334998
154,2022-02-17,1.1146910921334998
155,2022-02-17,1.119215996214192
156,2022-02-18,1.1156894983202754
157,2022-02-18,1.1219467971217607
158,2022-02-18,1.1219467971217607
159,2022-02-21,1.125549439479404
160,2022-02-21,1.125549439479404
161,2022-02-21,1.134076790557231
162,2022-02-22,1.132618163436168
163,2022-02-22,1.1312969853152701
164,2022-02-22,1.1312969853152701
165,2022-02-23,1.125667247553503
166,2022-02-23,1.125667247553503
167,2022-02-23,1.1315947864953761
168,2022-02-24,1.1110539368559722
169,2022-02-24,1.1171720343393408
170,2022-02-24,1.1171720343393408
171,2022-02-25,1.1275810831179833
172,2022-02-25,1.1275810831179833
173,2022-02-25,1.1168827627391709
174,2022-02-28,1.1038751885596039
175,2022-02-28,1.1064120888180342
176,2022-02-28,1.1064120888180342
177,2022-03-01,1.0871286064292969
178,2022-03-01,1.0871286064292969
179,2022-03-01,1.0931871364259087
180,2022-03-02,1.0955796406734022
181,2022-03-02,1.0973788872443213
182,2022-03-02,1.0973788872443213
183,2022-03-03,1.0900579655376799
184,2022-03-03,1.0900579655376799
185,2022-03-03,1.085958509322849
186,2022-03-04,1.067156966181427
187,2022-03-04,1.0670233646215344
188,2022-03-04,1.0670233646215344
189,2022-03-07,1.0504847029312843
190,2022-03-07,1.0504847029312843
191,2022-03-07,1.0514607902515407
192,2022-03-08,1.0554928228035232
193,2022-03-08,1.0551147652591644
194,2022-03-08,1.0551147652591644
195,2022-03-09,1.0735127454576388
196,2022-03-09,1.0735127454576388
197,2022-03-09,1.0781092573558453
198,2022-03-10,1.0711682447778614
199,2022-03-10,1.077759057571197
200,2022-03-10,1.077759057571197
201,2022-03-11,1.0826690181626808
202,2022-03-11,1.0826690181626808
203,2022-03-11,1.0843140342008009
204,2022-03-14,1.0927287108487225
205,2022-03-14,1.0932829303619922
206,2022-03-14,1.0932829303619922
207,2022-03-15,1.0806269516064617
208,2022-03-15,1.0806269516064617
209,2022-03-15,1.0837812113507996
210,2022-03-16,1.0987369843059507
211,2022-03-16,1.1074566200747817
212,2022-03-16,1.1074566200747817
213,2022-03-17,1.1042816795367365
214,2022-03-17,1.1042816795367365
215,2022-03-17,1.1124909548329405
216,2022-03-18,1.11331631314133
217,2022-03-18,1.1165545052096726
218,2022-03-18,1.1165545052096726
219,2022-03-21,1.1136491236538448
220,2022-03-21,1.1136491236538448
221,2022-03-21,1.1061219101861988
222,2022-03-22,1.1108755561078383
223,2022-03-22,1.1174164688332524
224,2022-03-22,1.1174164688332524
225,2022-03-23,1.1116031401523205
226,2022-03-23,1.1116031401523205
227,2022-03-23,1.1213009912607717
228,2022-03-24,1.1171637521775994
229,2022-03-24,1.1241499424955594
230,2022-03-24,1.1241499424955594
231,2022-03-25,1.1277018695581038
232,2022-03-25,1.1277018695581038
233,2022-03-25,1.1149357102310116
234,2022-03-28,1.116236433125843
235,2022-03-28,1.1257362480779531
236,2022-03-28,1.1257362480779531
237,2022-03-29,1.1425367520002947
238,2022-03-29,1.1425367520002947
239,2022-03-29,1.1466064071243554
240,2022-03-30,1.1414400820544346
241,2022-03-30,1.1343199543254352
242,2022-03-30,1.1343199543254352
243,2022-03-31,1.1280121593396926
244,2022-03-31,1.1280121593396926
245,2022-03-31,1.1360078896891355
246,2022-04-01,1.1394711350461502
247,2022-04-01,1.1470389356741697
248,2022-04-01,1.1470389356741697
249,2022-04-04,1.1478780269079238
250,2022-04-04,1.1478780269079238
251,2022-04-04,1.149622292126356
252,2022-04-05,1.1443137863615376
253,2022-04-05,1.140425449391468
254,2022-04-05,1.140425449391468
255,2022-04-06,1.1358914439137981
256,2022-04-06,1.1358914439137981
257,2022-04-06,1.1312968005056119
258,2022-04-07,1.129716694811896
259,2022-04-07,1.1280561761413455
260,2022-04-07,1.1280561761413455
261,2022-04-08,1.1269451603096308
262,2022-04-08,1.1269451603096308
263,2022-04-08,1.12752318768338
264,2022-04-11,1.1286812103438557
265,2022-04-11,1.1343888159712203
266,2022-04-11,1.1343888159712203
267,2022-04-12,1.127703942342892
268,2022-04-12,1.127703942342892
269,2022-04-12,1.1328210805397634
270,2022-04-13,1.1330700012995771
271,2022-04-13,1.129524771746549
272,2022-04-13,1.129524771746549
273,2022-04-14,1.1435516955762939
274,2022-04-14,1.1435516955762939
275,2022-04-14,1.1436444265314951
276,2022-04-19,1.1454532078583604
277,2022-04-19,1.1495202699201779
278,2022-04-19,1.1495202699201779
279,2022-04-20,1.154496760167347
280,2022-04-20,1.154496760167347
281,2022-04-20,1.15775273157411
282,2022-04-21,1.1615630797122733
283,2022-04-21,1.1721531498682787
284,2022-04-21,1.1721531498682787
285,2022-04-22,1.1699837534717394
286,2022-04-22,1.1699837534717394
287,2022-04-22,1.1643158936866143
288,2022-04-25,1.1569673651259644
289,2022-04-25,1.1535452110406443
290,2022-04-25,1.1535452110406443
291,2022-04-26,1.150564035712613
292,2022-04-26,1.150564035712613
293,2022-04-26,1.1508843853459063
294,2022-04-27,1.14945550480064
295,2022-04-27,1.1468280134680062
296,2022-04-27,1.1468280134680062
297,2022-04-28,1.1500068979974731
298,2022-04-28,1.1500068979974731
299,2022-04-28,1.1495102508481205
300,2022-04-29,1.153666478804772
301,2022-04-29,1.1480894627522527
302,2022-04-29,1.1480894627522527
303,2022-05-02,1.1555089565290586
304,2022-05-02,1.1555089565290586
305,2022-05-02,1.1569660118964378
306,2022-05-03,1.1637472236370203
307,2022-05-03,1.1585669839793125
308,2022-05-03,1.1585669839793125
309,2022-05-04,1.154521108952567
310,2022-05-04,1.154521108952567
311,2022-05-04,1.1565258984438724
312,2022-05-05,1.1529259241143743
313,2022-05-05,1.1661250019933262
314,2022-05-05,1.1661250019933262
315,2022-05-06,1.166678830882589
316,2022-05-06,1.166678830882589
317,2022-05-06,1.1683067123284059
318,2022-05-09,1.1637703957104408
319,2022-05-09,1.1658655919736272
320,2022-05-09,1.1658655919736272
321,2022-05-10,1.1670232078862086
322,2022-05-10,1.1670232078862086
323,2022-05-10,1.1621193621327928
324,2022-05-11,1.1693251265866262
325,2022-05-11,1.1755654320542503
326,2022-05-11,1.1755654320542503
327,2022-05-12,1.1694905592393954
328,2022-05-12,1.1694905592393954
329,2022-05-12,1.1817702617962418
330,2022-05-13,1.186882341670403
331,2022-05-13,1.1796442859950835
332,2022-05-13,1.1796442859950835
333,2022-05-16,1.1823708504724817
334,2022-05-16,1.1823708504724817
335,2022-05-16,1.1846632660730134
336,2022-05-17,1.1915517273046328
337,2022-05-17,1.1825568595169333
338,2022-05-17,1.1825568595169333
339,2022-05-18,1.1816674136865117
340,2022-05-18,1.1816674136865117
341,2022-05-18,1.1839646342212489
342,2022-05-19,1.184355000365588
343,2022-05-19,1.189959940414171
344,2022-05-19,1.189959940414171
345,2022-05-20,1.191604118236172
346,2022-05-20,1.191604118236172
347,2022-05-20,1.192688057053124
348,2022-05-23,1.2033840897025108
349,2022-05-23,1.196772638523211
350,2022-05-23,1.196772638523211
351,2022-05-24,1.202777454091629
352,2022-05-24,1.202777454091629
353,2022-05-24,1.2049102337806545
354,2022-05-25,1.2103153036198888
355,2022-05-25,1.2110999342509559
356,2022-05-25,1.2110999342509559
357,2022-05-26,1.2131038868133703
358,2022-05-26,1.2131038868133703
359,2022-05-26,1.2070711127638831
360,2022-05-27,1.2078698619837724
361,2022-05-27,1.2101201132251824
362,2022-05-27,1.2101201132251824
363,2022-05-30,1.218028762730523
364,2022-05-30,1.218028762730523
365,2022-05-30,1.2159410084294602
366,2022-05-31,1.2111215995499252
367,2022-05-31,1.2248602656138878
368,2022-05-31,1.2248602656138878
369,2022-06-01,1.2240180737152926
370,2022-06-01,1.2240180737152926
371,2022-06-01,1.2136798530401005
372,2022-06-02,1.2133615375115143
373,2022-06-02,1.2192370302532836
374,2022-06-02,1.2192370302532836
375,2022-06-03,1.2175884897966156
376,2022-06-03,1.2175884897966156
377,2022-06-03,1.2146882507938177
378,2022-06-06,1.2209707942333754
379,2022-06-06,1.2206707162043022
380,2022-06-06,1.2206707162043022
381,2022-06-07,1.2147221296494548
382,2022-06-07,1.2147221296494548
383,2022-06-07,1.215509688957379
384,2022-06-08,1.2134769371219918
385,2022-06-08,1.2136520064944254
386,2022-06-08,1.2136520064944254
387,2022-06-09,1.2052205369794773
388,2022-06-09,1.2052205369794773
389,2022-06-09,1.2082957403906227
390,2022-06-10,1.1917433326072662
391,2022-06-10,1.1838041790230431
392,2022-06-10,1.1838041790230431
393,2022-06-13,1.1759644502216764
394,2022-06-13,1.1759644502216764
395,2022-06-13,1.1808189970337528
396,2022-06-14,1.1836599443103288
397,2022-06-14,1.1892404937027137
398,2022-06-14,1.1892404937027137
399,2022-06-15,1.1994993447592752
400,2022-06-15,1.1994993447592752
401,2022-06-15,1.1923824133571288
402,2022-06-16,1.1858361454409578
403,2022-06-16,1.1917463484124486
404,2022-06-16,1.1917463484124486
405,2022-06-17,1.19633217751673
406,2022-06-17,1.19633217751673
407,2022-06-17,1.2000613913836677
408,2022-06-20,1.2074115869246482
409,2022-06-20,1.2058290482306349
410,2022-06-20,1.2058290482306349
411,2022-06-21,1.203482591528257
412,2022-06-21,1.203482591528257
413,2022-06-21,1.2113648359490155
414,2022-06-22,1.2109900726840421
415,2022-06-22,1.2188497632239086
416,2022-06-22,1.2188497632239086
417,2022-06-23,1.1981999526877158
418,2022-06-23,1.1981999526877158
419,2022-06-23,1.1972983088122264
420,2022-06-24,1.2022185877516018
421,2022-06-24,1.1957334528299448
422,2022-06-24,1.1957334528299448
423,2022-06-27,1.2024990849426707
424,2022-06-27,1.2024990849426707
425,2022-06-27,1.203444915075548
426,2022-06-28,1.2039001471286728
427,2022-06-28,1.2061326170655786
428,2022-06-28,1.2061326170655786
429,2022-06-29,1.206275868087837
430,2022-06-29,1.206275868087837
431,2022-06-29,1.2008692160212096
432,2022-06-30,1.1919527375540768
433,2022-06-30,1.1865767187051337
434,2022-06-30,1.1865767187051337
435,2022-07-01,1.1754279942338386
436,2022-07-01,1.1754279942338386
437,2022-07-01,1.17734934573163
438,2022-07-04,1.1761900214431114
439,2022-07-04,1.1834693097217386
440,2022-07-04,1.1834693097217386
441,2022-07-05,1.1750654601734136
442,2022-07-05,1.1750654601734136
443,2022-07-05,1.183576868388313
444,2022-07-06,1.1812218012535798
445,2022-07-06,1.1863101173206578
446,2022-07-06,1.1863101173206578
447,2022-07-07,1.1916311028490667
448,2022-07-07,1.1916311028490667
449,2022-07-07,1.1945901841327868
450,2022-07-08,1.1992821091509747
451,2022-07-08,1.195840141958982
452,2022-07-08,1.195840141958982
453,2022-07-11,1.1822840850601684
454,2022-07-11,1.1822840850601684
455,2022-07-11,1.185733300541565
456,2022-07-12,1.182246817151721
457,2022-07-12,1.1842454485180787
458,2022-07-12,1.1842454485180787
459,2022-07-13,1.1762266715410115
460,2022-07-13,1.1762266715410115
461,2022-07-13,1.178765441413317
462,2022-07-14,1.1695170183619883
463,2022-07-14,1.169223107323798
464,2022-07-14,1.169223107323798
465,2022-07-15,1.1726321404839852
466,2022-07-15,1.1726321404839852
467,2022-07-15,1.1742863538845327
468,2022-07-18,1.179366294044915
469,2022-07-18,1.177529304672896
470,2022-07-18,1.177529304672896
471,2022-07-19,1.1915288983076056
472,2022-07-19,1.1915288983076056
473,2022-07-19,1.1871935247794219
474,2022-07-20,1.1851156571615764
475,2022-07-20,1.1864737470578253
476,2022-07-20,1.1864737470578253
477,2022-07-21,1.184267435161681
478,2022-07-21,1.184267435161681
479,2022-07-21,1.1770861059263513
480,2022-07-22,1.1724523336655848
481,2022-07-22,1.164981124026235
482,2022-07-22,1.164981124026235
483,2022-07-25,1.183340741736469
484,2022-07-25,1.183340741736469
485,2022-07-25,1.1879876171755606
486,2022-07-26,1.1857364046874261
487,2022-07-26,1.1873004303360486
488,2022-07-26,1.1873004303360486
489,2022-07-27,1.1831655192062116
490,2022-07-27,1.1831655192062116
491,2022-07-27,1.1837341290531196
492,2022-07-28,1.1846748374497496
493,2022-07-28,1.1725468755028539
494,2022-07-28,1.1725468755028539
495,2022-07-29,1.176899432375025
496,2022-07-29,1.176899432375025
497,2022-07-29,1.18490585486527
498,2022-08-01,1.1835953507635435
499,2022-08-01,1.1897145434531744
500,2022-08-01,1.1897145434531744
501,2022-08-02,1.191879589657074
502,2022-08-02,1.191879589657074
503,2022-08-02,1.1957228597866045
504,2022-08-03,1.2005756175447768
505,2022-08-03,1.2014742531732285
506,2022-08-03,1.2014742531732285
507,2022-08-04,1.2008192539340952
508,2022-08-04,1.2008192539340952
509,2022-08-04,1.1975463435058449
510,2022-08-05,1.2008939678336228
511,2022-08-05,1.2004010939910734
512,2022-08-05,1.2004010939910734
513,2022-08-08,1.2056230128201568
514,2022-08-08,1.2056230128201568
515,2022-08-08,1.205283962061543
516,2022-08-09,1.204747871840889
517,2022-08-09,1.2072741591307226
518,2022-08-09,1.2072741591307226
519,2022-08-10,1.213073434597527
520,2022-08-10,1.213073434597527
521,2022-08-10,1.2096831092852969
522,2022-08-11,1.2105581071082452
523,2022-08-11,1.2014390566717328
524,2022-08-11,1.2014390566717328
525,2022-08-12,1.2095157268122416
526,2022-08-12,1.2095157268122416
527,2022-08-12,1.2202005107336278
528,2022-08-15,1.2187462890051852
529,2022-08-15,1.225995328422547
530,2022-08-15,1.225995328422547
531,2022-08-16,1.2243212477043461
532,2022-08-16,1.2243212477043461
533,2022-08-16,1.227139924418878
534,2022-08-17,1.223331835300388
535,2022-08-17,1.2182372101625212
536,2022-08-17,1.2182372101625212
537,2022-08-18,1.2115447858554842
538,2022-08-18,1.2115447858554842
539,2022-08-18,1.2168090241320886
540,2022-08-19,1.2092914372086458
541,2022-08-19,1.2125053553246987
542,2022-08-19,1.2125053553246987
543,2022-08-22,1.2067268199635643
544,2022-08-22,1.2067268199635643
545,2022-08-22,1.2097058349292493
546,2022-08-23,1.2115609882743308
547,2022-08-23,1.2012457682387536
548,2022-08-23,1.2012457682387536
549,2022-08-24,1.2104709109234777
550,2022-08-24,1.2104709109234777
551,2022-08-24,1.2131742129618468
552,2022-08-25,1.2113947801603673
553,2022-08-25,1.2109548497179423
554,2022-08-25,1.2109548497179423
555,2022-08-26,1.208857567226414
556,2022-08-26,1.208857567226414
557,2022-08-26,1.2114135101501466
558,2022-08-29,1.211552331141427
559,2022-08-29,1.2147711953319966
560,2022-08-29,1.2147711953319966
561,2022-08-30,1.2262262415778022
562,2022-08-30,1.2262262415778022
563,2022-08-30,1.225436397765943
564,2022-08-31,1.2261620529771902
565,2022-08-31,1.2235291104383066
566,2022-08-31,1.2235291104383066
567,2022-09-01,1.2164654106780797
568,2022-09-01,1.2164654106780797
569,2022-09-01,1.2119084654921057
570,2022-09-02,1.2199096030801873
571,2022-09-02,1.225626650429918
572,2022-09-02,1.225626650429918
573,2022-09-05,1.2201808768690852
574,2022-09-05,1.2201808768690852
575,2022-09-05,1.2184287347997547
576,2022-09-06,1.2198981290116286
577,2022-09-06,1.2205937159509535
578,2022-09-06,1.2205937159509535
579,2022-09-07,1.211143536183589
580,2022-09-07,1.211143536183589
581,2022-09-07,1.198010548531308
582,2022-09-08,1.206949363312502
583,2022-09-08,1.2167353490041888
584,2022-09-08,1.2167353490041888
585,2022-09-09,1.2270108358991036
586,2022-09-09,1.2270108358991036
587,2022-09-09,1.233425591464353
588,2022-09-12,1.243563122584059
589,2022-09-12,1.2438022621549776
590,2022-09-12,1.2438022621549776
591,2022-09-13,1.2449421479397458
592,2022-09-13,1.2449421479397458
593,2022-09-13,1.2394664302161817
594,2022-09-14,1.240800485478015
595,2022-09-14,1.2447167280895652
596,2022-09-14,1.2447167280895652
597,2022-09-15,1.2484535989395926
598,2022-09-15,1.2484535989395926
599,2022-09-15,1.2503739046841782
600,2022-09-16,1.2450119047468784
601,2022-09-16,1.2455397943214002
602,2022-09-16,1.2455397943214002
603,2022-09-19,1.2518240199678559
604,2022-09-19,1.2518240199678559
605,2022-09-19,1.2455979988578347
606,2022-09-20,1.243165493866898
607,2022-09-20,1.250335160071434
608,2022-09-20,1.250335160071434
609,2022-09-21,1.2415408559133674
610,2022-09-21,1.2415408559133674
611,2022-09-21,1.2399653823643324
612,2022-09-22,1.2427340375170308
613,2022-09-22,1.241009110687384
614,2022-09-22,1.241009110687384
615,2022-09-23,1.2249583131069348
616,2022-09-23,1.2249583131069348
617,2022-09-23,1.2310723765387066
618,2022-09-26,1.2281570376501965
619,2022-09-26,1.2336188728792625
620,2022-09-26,1.2336188728792625
621,2022-09-27,1.203549377843231
622,2022-09-27,1.203549377843231
623,2022-09-27,1.209676704106333
624,2022-09-28,1.2040660519135644
625,2022-09-28,1.2024860398365664
626,2022-09-28,1.2024860398365664
627,2022-09-29,1.2000872275727876
628,2022-09-29,1.2000872275727876
629,2022-09-29,1.198037574024374
630,2022-09-30,1.2028109066749595
631,2022-09-30,1.1979540210051252
632,2022-09-30,1.1979540210051252
633,2022-10-03,1.2105273829092829
634,2022-10-03,1.2105273829092829
635,2022-10-03,1.2203422233825327
636,2022-10-04,1.2329692576728637
637,2022-10-04,1.2345568906730506
638,2022-10-04,1.2345568906730506
639,2022-10-05,1.2237373206620092
640,2022-10-05,1.2237373206620092
641,2022-10-05,1.2293346766721505
642,2022-10-06,1.2260998127331901
643,2022-10-06,1.2221123037541395
644,2022-10-06,1.2221123037541395
645,2022-10-07,1.2158270637253528
646,2022-10-07,1.2158270637253528
647,2022-10-07,1.2166290083273437
648,2022-10-10,1.2167461663744308
649,2022-10-10,1.2241213779977034
650,2022-10-10,1.2241213779977034
651,2022-10-11,1.2182266932558612
652,2022-10-11,1.2182266932558612
653,2022-10-11,1.2138968746445034
654,2022-10-12,1.2124389077967956
655,2022-10-12,1.2209297277987048
656,2022-10-12,1.2209297277987048
657,2022-10-13,1.2335977784357701
658,2022-10-13,1.2335977784357701
659,2022-10-13,1.2397316912423078
660,2022-10-14,1.2476138244904056
661,2022-10-14,1.2469894196266473
662,2022-10-14,1.2469894196266473
663,2022-10-17,1.24908597074519
664,2022-10-17,1.24908597074519
665,2022-10-17,1.248645537933525
666,2022-10-18,1.2529742217879167
667,2022-10-18,1.2549226146747277
668,2022-10-18,1.2549226146747277
669,2022-10-19,1.2527201719280743
670,2022-10-19,1.2527201719280743
671,2022-10-19,1.251137033557392
672,2022-10-20,1.2543387227991167
673,2022-10-20,1.2612282118319138
674,2022-10-20,1.2612282118319138
675,2022-10-21,1.24284665154819
676,2022-10-21,1.24284665154819
677,2022-10-21,1.2466716952343824
678,2022-10-24,1.252076146682223
679,2022-10-24,1.2395451417785144
680,2022-10-24,1.2395451417785144
681,2022-10-25,1.2526131587882634
682,2022-10-25,1.2526131587882634
683,2022-10-25,1.2407069770311285
684,2022-10-26,1.2401819000011298
685,2022-10-26,1.243067154297777
686,2022-10-26,1.243067154297777
687,2022-10-27,1.2639391914877427
688,2022-10-27,1.2639391914877427
689,2022-10-27,1.274186130067445
690,2022-10-28,1.2734561449220827
691,2022-10-28,1.2656705598255802
692,2022-10-28,1.2656705598255802
693,2022-10-31,1.2656461405488275
694,2022-10-31,1.2656461405488275
695,2022-10-31,1.2620422148545571
696,2022-11-01,1.2644241806681265
697,2022-11-01,1.2618183435607282
698,2022-11-01,1.2618183435607282
699,2022-11-02,1.2619006614295918
700,2022-11-02,1.2619006614295918
701,2022-11-02,1.2465199552772013
702,2022-11-03,1.249681473522708
703,2022-11-03,1.2358953845703393
704,2022-11-03,1.2358953845703393
705,2022-11-04,1.2508451217006722
706,2022-11-04,1.2508451217006722
707,2022-11-04,1.2529040580122632
708,2022-11-07,1.254778696039823
709,2022-11-07,1.2670886993164783
710,2022-11-07,1.2670886993164783
711,2022-11-08,1.263024602078556
712,2022-11-08,1.263024602078556
713,2022-11-08,1.272908998432598
714,2022-11-09,1.2699887702198227
715,2022-11-09,1.2757086292703481
716,2022-11-09,1.2757086292703481
717,2022-11-10,1.280189049332976
718,2022-11-10,1.280189049332976
719,2022-11-10,1.2786343070789024
720,2022-11-11,1.2795314110842282
721,2022-11-11,1.2740305578346085
722,2022-11-11,1.2740305578346085
723,2022-11-14,1.2816816005845812
724,2022-11-14,1.2816816005845812
725,2022-11-14,1.278216228523937
726,2022-11-15,1.2814161115398435
727,2022-11-15,1.2936795270354904
728,2022-11-15,1.2936795270354904
729,2022-11-16,1.2980101235280541
730,2022-11-16,1.2980101235280541
731,2022-11-16,1.2999671690413854
732,2022-11-17,1.2998006323760554
733,2022-11-17,1.2860266282283004
734,2022-11-17,1.2860266282283004
735,2022-11-18,1.2951779979892957
736,2022-11-18,1.2951779979892957
737,2022-11-18,1.2901786662043544
738,2022-11-21,1.2906663807159326
739,2022-11-21,1.2875056788745454
740,2022-11-21,1.2875056788745454
741,2022-11-22,1.2898556607100757
742,2022-11-22,1.2898556607100757
743,2022-11-22,1.2853231447295106
744,2022-11-23,1.2855788974667806
745,2022-11-23,1.2853368161575345
746,2022-11-23,1.2853368161575345
747,2022-11-24,1.2883050169071966
748,2022-11-24,1.2883050169071966
749,2022-11-24,1.2758032822555816
750,2022-11-25,1.2766835474719196
751,2022-11-25,1.290623509922302
752,2022-11-25,1.290623509922302
753,2022-11-28,1.2901138253790656
754,2022-11-28,1.2901138253790656
755,2022-11-28,1.2710185146901898
756,2022-11-29,1.2687914564235538
757,2022-11-29,1.252738255937711
758,2022-11-29,1.252738255937711
759,2022-11-30,1.2552870978894735
760,2022-11-30,1.2552870978894735
761,2022-11-30,1.2553640643684352
762,2022-12-01,1.2560706183929562
763,2022-12-01,1.2577561930357302
764,2022-12-01,1.2577561930357302
765,2022-12-02,1.2525771698103823
766,2022-12-02,1.2525771698103823
767,2022-12-02,1.261819601098141
768,2022-12-05,1.2653919382093504
769,2022-12-05,1.2699042613285911
770,2022-12-05,1.2699042613285911
771,2022-12-06,1.273822639276652
772,2022-12-06,1.273822639276652
773,2022-12-06,1.2734738810210962
774,2022-12-07,1.2748587268919864
775,2022-12-07,1.260342271291171
776,2022-12-07,1.260342271291171
777,2022-12-08,1.2789392148110017
778,2022-12-08,1.2789392148110017
779,2022-12-08,1.285053921491601
780,2022-12-09,1.2860883165802832
781,2022-12-09,1.2964593025372084
782,2022-12-09,1.2964593025372084
783,2022-12-12,1.3041034458252394
784,2022-12-12,1.3041034458252394
785,2022-12-12,1.303136158956348
786,2022-12-13,1.3059150649010813
787,2022-12-13,1.2937853111460942
788,2022-12-13,1.2937853111460942
789,2022-12-14,1.3004132138841562
790,2022-12-14,1.3004132138841562
791,2022-12-14,1.3001534071840015
792,2022-12-15,1.2901586866535852
793,2022-12-15,1.2839400681289421
794,2022-12-15,1.2839400681289421
795,2022-12-16,1.2844488935976937
796,2022-12-16,1.2844488935976937
797,2022-12-16,1.280663605202391
798,2022-12-19,1.2853515494596803
799,2022-12-19,1.2762239743103603
800,2022-12-19,1.2762239743103603
801,2022-12-20,1.2814151867330161
802,2022-12-20,1.2814151867330161
803,2022-12-20,1.2652322501033775
804,2022-12-21,1.2721911910295174
805,2022-12-21,1.2891849071152057
806,2022-12-21,1.2891849071152057
807,2022-12-22,1.285839949109599
808,2022-12-22,1.285839949109599
809,2022-12-22,1.2713839958819262
810,2022-12-23,1.269924486462159
811,2022-12-23,1.2873063752041758
812,2022-12-23,1.2873063752041758
813,2022-12-27,1.2697900198122871
814,2022-12-27,1.2697900198122871
815,2022-12-27,1.2520385091684232
816,2022-12-28,1.2514499540675816
817,2022-12-28,1.2460841653818828
818,2022-12-28,1.2460841653818828
819,2022-12-29,1.2501852327766514
820,2022-12-29,1.2501852327766514
821,2022-12-29,1.27458289553442
822,2022-12-30,1.276032073640731
823,2022-12-30,1.2638040593214623
824,2022-12-30,1.2638040593214623
825,2023-01-02,1.2737817687518844
826,2023-01-02,1.2737817687518844
827,2023-01-02,1.2826018868091307
828,2023-01-03,1.2880487976672566
829,2023-01-03,1.2926418605178949
830,2023-01-03,1.2926418605178949
831,2023-01-04,1.3071222440956463
832,2023-01-04,1.3071222440956463
833,2023-01-04,1.2899574615183846
834,2023-01-05,1.291084600052319
835,2023-01-05,1.2894654721263779
836,2023-01-05,1.2894654721263779
837,2023-01-06,1.2979810137526857
838,2023-01-06,1.2979810137526857
839,2023-01-06,1.30220314238785
840,2023-01-09,1.3042630852350592
841,2023-01-09,1.3042607425459587
842,2023-01-09,1.3042607425459587
843,2023-01-10,1.2939349308849601
844,2023-01-10,1.2939349308849601
845,2023-01-10,1.3001848389275081
846,2023-01-11,1.3003853448701195
847,2023-01-11,1.299701535716843
848,2023-01-11,1.299701535716843
849,2023-01-12,1.3070556192633926
850,2023-01-12,1.3070556192633926
851,2023-01-12,1.2993959239149808
852,2023-01-13,1.3004723242239407
853,2023-01-13,1.2716739121052851
854,2023-01-13,1.2716739121052851
855,2023-01-16,1.2776260109934778
856,2023-01-16,1.2776260109934778
857,2023-01-16,1.2861707235477162
858,2023-01-17,1.2839018405580542
859,2023-01-17,1.2772888103454114
860,2023-01-17,1.2772888103454114
861,2023-01-18,1.289800503007665
862,2023-01-18,1.289800503007665
863,2023-01-18,1.3024663862133021
864,2023-01-19,1.2949579664339503
865,2023-01-19,1.3033555665687344
866,2023-01-19,1.3033555665687344
867,2023-01-20,1.2985775138921325
868,2023-01-20,1.2985775138921325
869,2023-01-20,1.3038327759305095
870,2023-01-23,1.3079431476839347
871,2023-01-23,1.308373572546613
872,2023-01-23,1.308373572546613
873,2023-01-24,1.3119936565699628
874,2023-01-24,1.3119936565699628
875,2023-01-24,1.320798313181983
876,2023-01-25,1.3207722375037036
877,2023-01-25,1.3287362727769485
878,2023-01-25,1.3287362727769485
879,2023-01-26,1.324661882321789
880,2023-01-26,1.324661882321789
881,2023-01-26,1.3165035426120233
882,2023-01-27,1.3206756507873583
883,2023-01-27,1.3150241437250136
884,2023-01-27,1.3150241437250136
885,2023-01-30,1.3252664337880342
886,2023-01-30,1.3252664337880342
887,2023-01-30,1.3269966563431437
888,2023-01-31,1.3321387796654007
889,2023-01-31,1.3419003268572942
890,2023-01-31,1.3419003268572942
891,2023-02-01,1.337406685954229
892,2023-02-01,1.337406685954229
893,2023-02-01,1.3416222015233483
894,2023-02-02,1.3381749971566268
895,2023-02-02,1.3280313493561993
896,2023-02-02,1.3280313493561993
897,2023-02-03,1.3136137711947586
898,2023-02-03,1.3136137711947586
899,2023-02-03,1.2899022496894708
900,2023-02-06,1.287962219382596
901,2023-02-06,1.273468730302048
902,2023-02-06,1.273468730302048
903,2023-02-07,1.2840320354660744
904,2023-02-07,1.2840320354660744
905,2023-02-07,1.27517720361754
906,2023-02-08,1.277671919592069
907,2023-02-08,1.2755087553137499
908,2023-02-08,1.2755087553137499
909,2023-02-09,1.2987038730467457
910,2023-02-09,1.2987038730467457
911,2023-02-09,1.3015667859383262
912,2023-02-10,1.2962097632224376
913,2023-02-10,1.2807988295239232
914,2023-02-10,1.2807988295239232
915,2023-02-13,1.2772628024818964
916,2023-02-13,1.2772628024818964
917,2023-02-13,1.2937272608480583
918,2023-02-14,1.2988049145761187
919,2023-02-14,1.300134072483012
920,2023-02-14,1.300134072483012
921,2023-02-15,1.3049300089717473
922,2023-02-15,1.3049300089717473
923,2023-02-15,1.3091869522153017
924,2023-02-16,1.315847696826983
925,2023-02-16,1.305250868332935
926,2023-02-16,1.305250868332935
927,2023-02-17,1.2988274017761474
928,2023-02-17,1.2988274017761474
929,2023-02-17,1.3009286413505963
930,2023-02-20,1.3000513247327175
931,2023-02-20,1.2913739511614888
932,2023-02-20,1.2913739511614888
933,2023-02-21,1.2885940646460115
934,2023-02-21,1.2885940646460115
935,2023-02-21,1.3097171779566423
936,2023-02-22,1.3026239174349188
937,2023-02-22,1.3028587387334976
938,2023-02-22,1.3028587387334976
939,2023-02-23,1.2971602005173648
940,2023-02-23,1.2971602005173648
941,2023-02-23,1.2847045421090622
942,2023-02-24,1.2832915797763864
943,2023-02-24,1.2682543383649945
944,2023-02-24,1.2682543383649945
945,2023-02-27,1.2599881224988183
946,2023-02-27,1.2599881224988183
947,2023-02-27,1.2730008847691108
948,2023-02-28,1.2703646194927147
949,2023-02-28,1.2689982044801436
950,2023-02-28,1.2689982044801436
951,2023-03-01,1.2794608300467134
952,2023-03-01,1.2794608300467134
953,2023-03-01,1.2870493004198487
954,2023-03-02,1.283417323448214
955,2023-03-02,1.2820496505321226
956,2023-03-02,1.2820496505321226
957,2023-03-03,1.284096979957913
958,2023-03-03,1.284096979957913
959,2023-03-03,1.277534562632913
960,2023-03-06,1.281811381475182
961,2023-03-06,1.2953654786910556
962,2023-03-06,1.2953654786910556
963,2023-03-07,1.2955790677982872
964,2023-03-07,1.2955790677982872
965,2023-03-07,1.3068168165662661
966,2023-03-08,1.309799102889824
967,2023-03-08,1.3175829948489006
968,2023-03-08,1.3175829948489006
969,2023-03-09,1.3002018965327484
970,2023-03-09,1.3002018965327484
971,2023-03-09,1.2962051684164462
972,2023-03-10,1.285035233199167
973,2023-03-10,1.2922206479474716
974,2023-03-10,1.2922206479474716
975,2023-03-13,1.2581081751833672
976,2023-03-13,1.2581081751833672
977,2023-03-13,1.2627207367802906
978,2023-03-14,1.2707674544636753
979,2023-03-14,1.2839336998704525
980,2023-03-14,1.2839336998704525
981,2023-03-15,1.2627721227556912
982,2023-03-15,1.2627721227556912
983,2023-03-15,1.2660800298951296
984,2023-03-16,1.2704807206985613
985,2023-03-16,1.2782527891228028
986,2023-03-16,1.2782527891228028
987,2023-03-17,1.2646582684695558
988,2023-03-17,1.2646582684695558
989,2023-03-17,1.2570902062608067
990,2023-03-20,1.2625910697603708
991,2023-03-20,1.2731486694323582
992,2023-03-20,1.2731486694323582
993,2023-03-21,1.2890595650109817
994,2023-03-21,1.2890595650109817
995,2023-03-21,1.2921327041926196
996,2023-03-22,1.2895460533943839
997,2023-03-22,1.283263191384226
998,2023-03-22,1.283263191384226
999,2023-03-23,1.2689544406365914
1000,2023-03-23,1.2689544406365914
1001,2023-03-23,1.2795997295129131
1002,2023-03-24,1.2685325208850864
1003,2023-03-24,1.2682614033545445
1004,2023-03-24,1.2682614033545445
1005,2023-03-27,1.274561451192853
1006,2023-03-27,1.274561451192853
1007,2023-03-27,1.2697683140941887
1008,2023-03-28,1.272747533518508
1009,2023-03-28,1.27463762044313
1010,2023-03-28,1.27463762044313
1011,2023-03-29,1.2760469724987369
1012,2023-03-29,1.2760469724987369
1013,2023-03-29,1.2734171721149674
1014,2023-03-30,1.2785205642416388
1015,2023-03-30,1.270373186565963
1016,2023-03-30,1.270373186565963
1017,2023-03-31,1.2788660172637607
1018,2023-03-31,1.2788660172637607
1019,2023-03-31,1.2766132557096765
1020,2023-04-03,1.278629875354901
1021,2023-04-03,1.2766999486887616
1022,2023-04-03,1.2766999486887616
1023,2023-04-04,1.2690842519509804
1024,2023-04-04,1.2690842519509804
1025,2023-04-04,1.2716504635735577
1026,2023-04-05,1.2701346900008832
1027,2023-04-05,1.281043129033977
1028,2023-04-05,1.281043129033977
1029,2023-04-06,1.2972854424287679
1030,2023-04-06,1.2972854424287679
1031,2023-04-06,1.29362623180543
1032,2023-04-11,1.2922927677743756
1033,2023-04-11,1.2840158005692146
1034,2023-04-11,1.2840158005692146
1035,2023-04-12,1.2848261663424907
1036,2023-04-12,1.2848261663424907
1037,2023-04-12,1.2734385472762857
1038,2023-04-13,1.2743188418985145
1039,2023-04-13,1.2637003662997646
1040,2023-04-13,1.2637003662997646
1041,2023-04-14,1.2659029396875923
1042,2023-04-14,1.2659029396875923
1043,2023-04-14,1.2695185195791856
1044,2023-04-17,1.2652368499009108
1045,2023-04-17,1.2599794334078698
1046,2023-04-17,1.2599794334078698
1047,2023-04-18,1.2415854586431425
1048,2023-04-18,1.2415854586431425
1049,2023-04-18,1.2353121941955238
1050,2023-04-19,1.2375519970672602
1051,2023-04-19,1.2398821415754704
1052,2023-04-19,1.2398821415754704
1053,2023-04-20,1.226463602156733
1054,2023-04-20,1.226463602156733
1055,2023-04-20,1.21060311001003
1056,2023-04-21,1.210031488174272
1057,2023-04-21,1.2247483828899475
1058,2023-04-21,1.2247483828899475
1059,2023-04-24,1.2328173512485856
1060,2023-04-24,1.2328173512485856
1061,2023-04-24,1.2449065391281875
1062,2023-04-25,1.2375038001053278
1063,2023-04-25,1.2273069084344317
1064,2023-04-25,1.2273069084344317
1065,2023-04-26,1.2286639918663589
1066,2023-04-26,1.2286639918663589
1067,2023-04-26,1.235731145725764
1068,2023-04-27,1.2405450519572476
1069,2023-04-27,1.2507360533450835
1070,2023-04-27,1.2507360533450835
1071,2023-04-28,1.2356595899537255
1072,2023-04-28,1.2356595899537255
1073,2023-04-28,1.2294891622438358
1074,2023-05-02,1.2228186660651776
1075,2023-05-02,1.230472242608122
1076,2023-05-02,1.230472242608122
1077,2023-05-03,1.2253114212210703
1078,2023-05-03,1.2253114212210703
1079,2023-05-03,1.2346557004398493
1080,2023-05-04,1.2299976910717332
1081,2023-05-04,1.2296537014787623
1082,2023-05-04,1.2296537014787623
1083,2023-05-05,1.240916198127148
1084,2023-05-05,1.240916198127148
1085,2023-05-05,1.2350838580938857
1086,2023-05-08,1.237034261466372
1087,2023-05-08,1.2219369676069696
1088,2023-05-08,1.2219369676069696
1089,2023-05-09,1.2229761387751874
1090,2023-05-09,1.2229761387751874
1091,2023-05-09,1.2241728032007984
1092,2023-05-10,1.2222889490249946
1093,2023-05-10,1.226788692487697
1094,2023-05-10,1.226788692487697
1095,2023-05-11,1.2229145399030652
1096,2023-05-11,1.2229145399030652
1097,2023-05-11,1.2242144813288471
1098,2023-05-12,1.2276596820348193
1099,2023-05-12,1.2336219744482242
1100,2023-05-12,1.2336219744482242
1101,2023-05-15,1.2536440764568413
1102,2023-05-15,1.2536440764568413
1103,2023-05-15,1.2444761692914523
1104,2023-05-16,1.2440615166035645
1105,2023-05-16,1.2370589369500498
1106,2023-05-16,1.2370589369500498
1107,2023-05-17,1.2466949859479008
1108,2023-05-17,1.2466949859479008
1109,2023-05-17,1.251916366039776
1110,2023-05-18,1.2566004056339524
1111,2023-05-18,1.2584341469418794
1112,2023-05-18,1.2584341469418794
1113,2023-05-19,1.2524363321174157
1114,2023-05-19,1.2524363321174157
1115,2023-05-19,1.2605469352245788
1116,2023-05-22,1.2628258469848808
1117,2023-05-22,1.2722764465275818
1118,2023-05-22,1.2722764465275818
1119,2023-05-23,1.2807398780811137
1120,2023-05-23,1.2807398780811137
1121,2023-05-23,1.2815015936129126
1122,2023-05-24,1.2752159676960686
1123,2023-05-24,1.2686475496286953
1124,2023-05-24,1.2686475496286953
1125,2023-05-25,1.2663976384891598
1126,2023-05-25,1.2663976384891598
1127,2023-05-25,1.268545354953561
1128,2023-05-26,1.2703079119884988
1129,2023-05-26,1.2773831168285024
1130,2023-05-26,1.2773831168285024
1131,2023-05-29,1.2859427265399979
1132,2023-05-29,1.2859427265399979
1133,2023-05-29,1.2910721064366337
1134,2023-05-30,1.2887385802256732
1135,2023-05-30,1.2957392093826186
1136,2023-05-30,1.2957392093826186
1137,2023-05-31,1.2937094787180694
1138,2023-05-31,1.2937094787180694
1139,2023-05-31,1.2882026858568256
1140,2023-06-01,1.2937981838025778
1141,2023-06-01,1.2991492897032684
1142,2023-06-01,1.2991492897032684
1143,2023-06-02,1.3080294884449681
1144,2023-06-02,1.3080294884449681
1145,2023-06-02,1.323702938761817
1146,2023-06-05,1.3206509233509376
1147,2023-06-05,1.3222745181919724
1148,2023-06-05,1.3222745181919724
1149,2023-06-06,1.3256779403734793
1150,2023-06-06,1.3256779403734793
1151,2023-06-06,1.3160783963312868
1152,2023-06-07,1.3170262918994948
1153,2023-06-07,1.3189743050505853
1154,2023-06-07,1.3189743050505853
1155,2023-06-08,1.320013511498465
1156,2023-06-08,1.320013511498465
1157,2023-06-08,1.3276660076969602
1158,2023-06-09,1.325468139945004
1159,2023-06-09,1.321750297657717
1160,2023-06-09,1.321750297657717
1161,2023-06-12,1.3282185517791203
1162,2023-06-12,1.3282185517791203
1163,2023-06-12,1.332606308924251
1164,2023-06-13,1.3329031773224969
1165,2023-06-13,1.3220405682797547
1166,2023-06-13,1.3220405682797547
1167,2023-06-14,1.3263116695455148
1168,2023-06-14,1.3263116695455148
1169,2023-06-14,1.3278726626176112
1170,2023-06-15,1.3252164717318062
1171,2023-06-15,1.3287820131288621
1172,2023-06-15,1.3287820131288621
1173,2023-06-16,1.3383430976435782
1174,2023-06-16,1.3383430976435782
1175,2023-06-16,1.3306831470363443
1176,2023-06-19,1.3318959991719623
1177,2023-06-19,1.3352386862397632
1178,2023-06-19,1.3352386862397632
1179,2023-06-20,1.3352377106937001
1180,2023-06-20,1.3352377106937001
1181,2023-06-20,1.3423307608524047
1182,2023-06-21,1.3445046441412687
1183,2023-06-21,1.33792469308817
1184,2023-06-21,1.33792469308817
1185,2023-06-22,1.3348677197999204
1186,2023-06-22,1.3348677197999204
1187,2023-06-22,1.329123803780996
1188,2023-06-23,1.3231623271353405
1189,2023-06-23,1.3296187789240492
1190,2023-06-23,1.3296187789240492
1191,2023-06-26,1.3269339967448002
1192,2023-06-26,1.3269339967448002
1193,2023-06-26,1.3268689137720755
1194,2023-06-27,1.3316380950854354
1195,2023-06-27,1.3291333233234424
1196,2023-06-27,1.3291333233234424
1197,2023-06-28,1.3426985672192082
1198,2023-06-28,1.3426985672192082
1199,2023-06-28,1.3485892722965729
1200,2023-06-29,1.3534304024667028
1201,2023-06-29,1.334411344044724
1202,2023-06-29,1.334411344044724
1203,2023-06-30,1.3353838645922516
1204,2023-06-30,1.3353838645922516
1205,2023-06-30,1.341465032238442
1206,2023-07-03,1.344327689264741
1207,2023-07-03,1.343830000978395
1208,2023-07-03,1.343830000978395
1209,2023-07-04,1.353055709755797
1210,2023-07-04,1.353055709755797
1211,2023-07-04,1.3523624204288622
1212,2023-07-05,1.3502528227208401
1213,2023-07-05,1.3554329899751592
1214,2023-07-05,1.3554329899751592
1215,2023-07-06,1.3414559910189607
1216,2023-07-06,1.3414559910189607
1217,2023-07-06,1.3415952723972087
1218,2023-07-07,1.3454843596044608
1219,2023-07-07,1.352910040047624
1220,2023-07-07,1.352910040047624
1221,2023-07-10,1.3433099080551532
1222,2023-07-10,1.3433099080551532
1223,2023-07-10,1.3420592149914525
1224,2023-07-11,1.346644624183499
1225,2023-07-11,1.3567828547098688
1226,2023-07-11,1.3567828547098688
1227,2023-07-12,1.3752078516815545
1228,2023-07-12,1.3752078516815545
1229,2023-07-12,1.3734811292634481
1230,2023-07-13,1.3762973648319774
1231,2023-07-13,1.3797867453434898
1232,2023-07-13,1.3797867453434898
1233,2023-07-14,1.3857666413663008
1234,2023-07-14,1.3857666413663008
1235,2023-07-14,1.390593336620413
1236,2023-07-17,1.3923410147082356
1237,2023-07-17,1.394800110690508
1238,2023-07-17,1.394800110690508
1239,2023-07-18,1.3965256971829134
1240,2023-07-18,1.3965256971829134
1241,2023-07-18,1.4048708456640004
1242,2023-07-19,1.405058277809149
1243,2023-07-19,1.4123531279764248
1244,2023-07-19,1.4123531279764248
1245,2023-07-20,1.4201289006717583
1246,2023-07-20,1.4201289006717583
1247,2023-07-20,1.4170864695417835
1248,2023-07-21,1.4171928499500692
1249,2023-07-21,1.41297749291811
1250,2023-07-21,1.41297749291811
1251,2023-07-24,1.4190840852976927
1252,2023-07-24,1.4190840852976927
1253,2023-07-24,1.4192337274390499
1254,2023-07-25,1.4199834560171547
1255,2023-07-25,1.4206160399043797
1256,2023-07-25,1.4206160399043797
1257,2023-07-26,1.414400356307063
1258,2023-07-26,1.414400356307063
1259,2023-07-26,1.4203356575454003
1260,2023-07-27,1.4237195676056258
1261,2023-07-27,1.4238462287546914
1262,2023-07-27,1.4238462287546914
1263,2023-07-28,1.417278791338114
1264,2023-07-28,1.417278791338114
1265,2023-07-28,1.4228660943920577
1266,2023-07-31,1.424313739535148
1267,2023-07-31,1.4223238733512797
1268,2023-07-31,1.4223238733512797
1269,2023-08-01,1.4261930500553952
1270,2023-08-01,1.4261930500553952
1271,2023-08-01,1.4275607287058016
1272,2023-08-02,1.4219530085696503
1273,2023-08-02,1.4153692041510952
1274,2023-08-02,1.4153692041510952
1275,2023-08-03,1.4194493424563674
1276,2023-08-03,1.4194493424563674
1277,2023-08-03,1.4263209289097922
1278,2023-08-04,1.4304149709602405
1279,2023-08-04,1.4334023840238386
1280,2023-08-04,1.4334023840238386
1281,2023-08-07,1.4231764583460684
1282,2023-08-07,1.4231764583460684
1283,2023-08-07,1.4321668841828916
1284,2023-08-08,1.421042874150417
1285,2023-08-08,1.4175607591973134
1286,2023-08-08,1.4175607591973134
1287,2023-08-09,1.4124186821910336
1288,2023-08-09,1.4124186821910336
1289,2023-08-09,1.4002610049808655
1290,2023-08-10,1.405325223254689
1291,2023-08-10,1.4143977475295508
1292,2023-08-10,1.4143977475295508
1293,2023-08-11,1.3916623485990558
1294,2023-08-11,1.3916623485990558
1295,2023-08-11,1.392135322005208
1296,2023-08-14,1.3929868537697234
1297,2023-08-14,1.3883667704463132
1298,2023-08-14,1.3883667704463132
1299,2023-08-15,1.3920678646752775
1300,2023-08-15,1.3920678646752775
1301,2023-08-15,1.3916027146787677
1302,2023-08-16,1.3913356662561664
1303,2023-08-16,1.3967172275390354
1304,2023-08-16,1.3967172275390354
1305,2023-08-17,1.3915906877333113
1306,2023-08-17,1.3915906877333113
1307,2023-08-17,1.3788187918840287
1308,2023-08-18,1.3771560375480973
1309,2023-08-18,1.3844714030485643
1310,2023-08-18,1.3844714030485643
1311,2023-08-21,1.3946319463266665
1312,2023-08-21,1.3946319463266665
1313,2023-08-21,1.3990350968130907
1314,2023-08-22,1.4012772958399922
1315,2023-08-22,1.404141551001822
1316,2023-08-22,1.404141551001822
1317,2023-08-23,1.4071213286382402
1318,2023-08-23,1.4071213286382402
1319,2023-08-23,1.4020873015689472
1320,2023-08-24,1.4023593886370564
1321,2023-08-24,1.393910455933455
1322,2023-08-24,1.393910455933455
1323,2023-08-25,1.370469385550006
1324,2023-08-25,1.370469385550006
1325,2023-08-25,1.3805702108038933
1326,2023-08-28,1.3856074837507255
1327,2023-08-28,1.3656748221910837
1328,2023-08-28,1.3656748221910837
1329,2023-08-29,1.3740358586598689
1330,2023-08-29,1.3740358586598689
1331,2023-08-29,1.3761888146696448
1332,2023-08-30,1.3778216921334492
1333,2023-08-30,1.3862238425790125
1334,2023-08-30,1.3862238425790125
1335,2023-08-31,1.3980509873887716
1336,2023-08-31,1.3980509873887716
1337,2023-08-31,1.4032288717297248
1338,2023-09-01,1.4002866113918504
1339,2023-09-01,1.3996888501421463
1340,2023-09-01,1.3996888501421463
1341,2023-09-04,1.3918264730913283
1342,2023-09-04,1.3918264730913283
1343,2023-09-04,1.392503249195809
1344,2023-09-05,1.390552011970811
1345,2023-09-05,1.3910104708711144
1346,2023-09-05,1.3910104708711144
1347,2023-09-06,1.3856942329531037
1348,2023-09-06,1.3856942329531037
1349,2023-09-06,1.3916102253178748
1350,2023-09-07,1.387707750872367
1351,2023-09-07,1.387373257387822
1352,2023-09-07,1.387373257387822
1353,2023-09-08,1.3881389424468735
1354,2023-09-08,1.3881389424468735
1355,2023-09-08,1.3876405804451588
1356,2023-09-11,1.3929393065112803
1357,2023-09-11,1.3970162787980742
1358,2023-09-11,1.3970162787980742
1359,2023-09-12,1.4004016279779652
1360,2023-09-12,1.4004016279779652
1361,2023-09-12,1.394608504476246
1362,2023-09-13,1.3961194283407294
1363,2023-09-13,1.3960050037355574
1364,2023-09-13,1.3960050037355574
1365,2023-09-14,1.3949779140139151
1366,2023-09-14,1.3949779140139151
1367,2023-09-14,1.407436683754232
1368,2023-09-15,1.4077619520895057
1369,2023-09-15,1.4106770864426896
1370,2023-09-15,1.4106770864426896
1371,2023-09-18,1.4019209885010302
1372,2023-09-18,1.4019209885010302
1373,2023-09-18,1.4044514382098652
1374,2023-09-19,1.4087900980648655
1375,2023-09-19,1.4061246428777427
1376,2023-09-19,1.4061246428777427
1377,2023-09-20,1.417743768002086
1378,2023-09-20,1.417743768002086
1379,2023-09-20,1.4207770944194222
1380,2023-09-21,1.4197803043552057
1381,2023-09-21,1.4118372248660531
1382,2023-09-21,1.4118372248660531
1383,2023-09-22,1.4023511745459574
1384,2023-09-22,1.4023511745459574
1385,2023-09-22,1.4017681767313672
1386,2023-09-25,1.3992450704287371
1387,2023-09-25,1.4055982063440522
1388,2023-09-25,1.4055982063440522
1389,2023-09-26,1.3937656599774308
1390,2023-09-26,1.3937656599774308
1391,2023-09-26,1.396084652038466
1392,2023-09-27,1.3967857992235746
1393,2023-09-27,1.3844149495833522
1394,2023-09-27,1.3844149495833522
1395,2023-09-28,1.3938700709124383
1396,2023-09-28,1.3938700709124383
1397,2023-09-28,1.398813834765073
1398,2023-09-29,1.4003031328063174
1399,2023-09-29,1.3959825692360883
1400,2023-09-29,1.3959825692360883
1401,2023-10-02,1.387641375680051
1402,2023-10-02,1.387641375680051
1403,2023-10-02,1.385314664425677
1404,2023-10-03,1.3811487242004121
1405,2023-10-03,1.3839103450326957
1406,2023-10-03,1.3839103450326957
1407,2023-10-04,1.389394107773969
1408,2023-10-04,1.389394107773969
1409,2023-10-04,1.3890551655809042
1410,2023-10-05,1.392049115246763
1411,2023-10-05,1.3938500341177702
1412,2023-10-05,1.3938500341177702
1413,2023-10-06,1.398759605637307
1414,2023-10-06,1.398759605637307
1415,2023-10-06,1.3996440131472547
1416,2023-10-09,1.3959242583965952
1417,2023-10-09,1.391178695888204
1418,2023-10-09,1.391178695888204
1419,2023-10-10,1.39423629692342
1420,2023-10-10,1.39423629692342
1421,2023-10-10,1.4064908007688814
1422,2023-10-11,1.4084096811500768
1423,2023-10-11,1.4035470615352064
1424,2023-10-11,1.4035470615352064
1425,2023-10-12,1.3924064225155823
1426,2023-10-12,1.3924064225155823
1427,2023-10-12,1.398871194019295
1428,2023-10-13,1.3916471737544147
1429,2023-10-13,1.388870679078193
1430,2023-10-13,1.388870679078193
1431,2023-10-16,1.3842621387868266
1432,2023-10-16,1.3842621387868266
1433,2023-10-16,1.3842128756461245
1434,2023-10-17,1.3828275876698892
1435,2023-10-17,1.3768274583285423
1436,2023-10-17,1.3768274583285423
1437,2023-10-18,1.369711762900035
1438,2023-10-18,1.369711762900035
1439,2023-10-18,1.3712517643898807
1440,2023-10-19,1.3690455650114592
1441,2023-10-19,1.3644975164634354
1442,2023-10-19,1.3644975164634354
1443,2023-10-20,1.36664708013565
1444,2023-10-20,1.36664708013565
1445,2023-10-20,1.3744498544245816
1446,2023-10-23,1.3741963047977515
1447,2023-10-23,1.380244055113708
1448,2023-10-23,1.380244055113708
1449,2023-10-24,1.3834019406114118
1450,2023-10-24,1.3834019406114118
1451,2023-10-24,1.3829313258210012
1452,2023-10-25,1.3840672281453403
1453,2023-10-25,1.3772912715823886
1454,2023-10-25,1.3772912715823886
1455,2023-10-26,1.3661402125148452
1456,2023-10-26,1.3661402125148452
1457,2023-10-26,1.3684672858670361
1458,2023-10-27,1.3692279347371812
1459,2023-10-27,1.3659212945438652
1460,2023-10-27,1.3659212945438652
1461,2023-10-30,1.37490485776856
1462,2023-10-30,1.37490485776856
1463,2023-10-30,1.388119120198534
1464,2023-10-31,1.3893817973404403
1465,2023-10-31,1.3937026684703593
1466,2023-10-31,1.3937026684703593
1467,2023-11-01,1.3877938016932705
1468,2023-11-01,1.3877938016932705
1469,2023-11-01,1.3887273964983549
1470,2023-11-02,1.3902994041933607
1471,2023-11-02,1.3964391426695941
1472,2023-11-02,1.3964391426695941
1473,2023-11-03,1.4017154175671895
1474,2023-11-03,1.4017154175671895
1475,2023-11-03,1.4000708653204579
1476,2023-11-06,1.399323885675302
1477,2023-11-06,1.3847961653790575
1478,2023-11-06,1.3847961653790575
1479,2023-11-07,1.389501431531219
1480,2023-11-07,1.389501431531219
1481,2023-11-07,1.3972250963790012
1482,2023-11-08,1.3980897508997354
1483,2023-11-08,1.395974347558595
1484,2023-11-08,1.395974347558595
1485,2023-11-09,1.4089521605525426
1486,2023-11-09,1.4089521605525426
1487,2023-11-09,1.4080344353176595
1488,2023-11-10,1.4069651288319278
1489,2023-11-10,1.4081895350285902
1490,2023-11-10,1.4081895350285902
1491,2023-11-13,1.4114290753215393
1492,2023-11-13,1.4114290753215393
1493,2023-11-13,1.4046580839471405
1494,2023-11-14,1.4086180993278674
1495,2023-11-14,1.4166688705054988
1496,2023-11-14,1.4166688705054988
1497,2023-11-15,1.4255467581222698
1498,2023-11-15,1.4255467581222698
1499,2023-11-15,1.425612853009075
1500,2023-11-16,1.4245895932173789
1501,2023-11-16,1.419919298665031
1502,2023-11-16,1.419919298665031
1503,2023-11-17,1.427855610340695
1504,2023-11-17,1.427855610340695
1505,2023-11-17,1.4376006457769663
1506,2023-11-20,1.4386655168124962
1507,2023-11-20,1.430853477327367
1508,2023-11-20,1.430853477327367
1509,2023-11-21,1.4287778484856581
1510,2023-11-21,1.4287778484856581
1511,2023-11-21,1.4172421949504885
1512,2023-11-22,1.4182818320774424
1513,2023-11-22,1.4095587994662844
1514,2023-11-22,1.4095587994662844
1515,2023-11-23,1.4048359792252278
1516,2023-11-23,1.4048359792252278
1517,2023-11-23,1.4014483781784313
1518,2023-11-24,1.403118863075887
1519,2023-11-24,1.4041643813954279
1520,2023-11-24,1.4041643813954279
1521,2023-11-27,1.401475882601453
1522,2023-11-27,1.401475882601453
1523,2023-11-27,1.4031164055843612
1524,2023-11-28,1.4042266976555755
1525,2023-11-28,1.4050039009441486
1526,2023-11-28,1.4050039009441486
1527,2023-11-29,1.4040819193413956
1528,2023-11-29,1.4040819193413956
1529,2023-11-29,1.4124350435065631
1530,2023-11-30,1.4121322365810456
1531,2023-11-30,1.4118614709555095
1532,2023-11-30,1.4118614709555095
1533,2023-12-01,1.4108989023067826
1534,2023-12-01,1.4108989023067826
1535,2023-12-01,1.4083600430844392
1536,2023-12-04,1.4106444584218234
1537,2023-12-04,1.4165499994927466
1538,2023-12-04,1.4165499994927466
1539,2023-12-05,1.422651412609469
1540,2023-12-05,1.422651412609469
1541,2023-12-05,1.4226045790547703
1542,2023-12-06,1.424888994399769
1543,2023-12-06,1.4227236422882317
1544,2023-12-06,1.4227236422882317
1545,2023-12-07,1.4166595956463042
1546,2023-12-07,1.4166595956463042
1547,2023-12-07,1.4234265898020984
1548,2023-12-08,1.4269650033562529
1549,2023-12-08,1.4372301056488497
1550,2023-12-08,1.4372301056488497
1551,2023-12-11,1.4340208648461354
1552,2023-12-11,1.4340208648461354
1553,2023-12-11,1.4293065900052455
1554,2023-12-12,1.4272651975726434
1555,2023-12-12,1.4360394110110721
1556,2023-12-12,1.4360394110110721
1557,2023-12-13,1.4344990265151452
1558,2023-12-13,1.4344990265151452
1559,2023-12-13,1.4323386200592894
1560,2023-12-14,1.4326108057249676
1561,2023-12-14,1.4316388787058618
1562,2023-12-14,1.4316388787058618
1563,2023-12-15,1.439081332349729
1564,2023-12-15,1.439081332349729
1565,2023-12-15,1.4374451415814335
1566,2023-12-18,1.4365616520439404
1567,2023-12-18,1.4424770920865824
1568,2023-12-18,1.4424770920865824
1569,2023-12-19,1.4411177967935878
1570,2023-12-19,1.4411177967935878
1571,2023-12-19,1.4398252217889373
1572,2023-12-20,1.4398106587771298
1573,2023-12-20,1.4521186587878312
1574,2023-12-20,1.4521186587878312
1575,2023-12-21,1.455428537181871
1576,2023-12-21,1.455428537181871
1577,2023-12-21,1.4530908629890629
1578,2023-12-22,1.4547316292678296
1579,2023-12-22,1.450984695841088
1580,2023-12-22,1.450984695841088
1581,2023-12-27,1.4466041169965522
1582,2023-12-27,1.4466041169965522
1583,2023-12-27,1.434328778747829
1584,2023-12-28,1.4314938452951753
1585,2023-12-28,1.431481438736734
1586,2023-12-28,1.431481438736734
1587,2023-12-29,1.4333038556706548
1588,2023-12-29,1.4333038556706548
1589,2023-12-29,1.4352936452650664
1590,2024-01-02,1.4402644874802633
1591,2024-01-02,1.4452513461565637
1592,2024-01-02,1.4452513461565637
1593,2024-01-03,1.4417316672187463
1594,2024-01-03,1.4417316672187463
1595,2024-01-03,1.4446342446277498
1596,2024-01-04,1.4504853568953493
1597,2024-01-04,1.4437967373875003
1598,2024-01-04,1.4437967373875003
1599,2024-01-05,1.4417514555917745
1600,2024-01-05,1.4417514555917745
1601,2024-01-05,1.4364883863688818
1602,2024-01-08,1.4379260060923853
1603,2024-01-08,1.4351220483149154
1604,2024-01-08,1.4351220483149154
1605,2024-01-09,1.4305807883328527
1606,2024-01-09,1.4305807883328527
1607,2024-01-09,1.4234649949984572
1608,2024-01-10,1.4222142658406647
1609,2024-01-10,1.4248024696815367
1610,2024-01-10,1.4248024696815367
1611,2024-01-11,1.4273157770186244
1612,2024-01-11,1.4273157770186244
1613,2024-01-11,1.4226495154145664
1614,2024-01-12,1.4230712172083093
1615,2024-01-12,1.4165309605524254
1616,2024-01-12,1.4165309605524254
1617,2024-01-15,1.4191443868920242
1618,2024-01-15,1.4191443868920242
1619,2024-01-15,1.4189914231282628
1620,2024-01-16,1.415972421713313
1621,2024-01-16,1.4186568089122737
1622,2024-01-16,1.4186568089122737
1623,2024-01-17,1.4115423076058828
1624,2024-01-17,1.4115423076058828
1625,2024-01-17,1.410008969088203
1626,2024-01-18,1.4132895585525536
1627,2024-01-18,1.415444345347191
1628,2024-01-18,1.415444345347191
1629,2024-01-19,1.4179491201815497
1630,2024-01-19,1.4179491201815497
1631,2024-01-19,1.408872316815734
1632,2024-01-22,1.412302462566327
1633,2024-01-22,1.4111103379716248
1634,2024-01-22,1.4111103379716248
1635,2024-01-23,1.4111047287196539
1636,2024-01-23,1.4111047287196539
1637,2024-01-23,1.4108018962187423
1638,2024-01-24,1.4151438528663132
1639,2024-01-24,1.423122218467964
1640,2024-01-24,1.423122218467964
1641,2024-01-25,1.441164720812739
1642,2024-01-25,1.441164720812739
1643,2024-01-25,1.4459020951059147
1644,2024-01-26,1.4467174180853322
1645,2024-01-26,1.4337143437869118
1646,2024-01-26,1.4337143437869118
1647,2024-01-29,1.437684716066281
1648,2024-01-29,1.437684716066281
1649,2024-01-29,1.4441435301806647
1650,2024-01-30,1.4503380549850213
1651,2024-01-30,1.4502442349274125
1652,2024-01-30,1.4502442349274125
1653,2024-01-31,1.4461067292569831
1654,2024-01-31,1.4461067292569831
1655,2024-01-31,1.456446453700074
1656,2024-02-01,1.4466280169371217
1657,2024-02-01,1.4537577166349842
1658,2024-02-01,1.4537577166349842
1659,2024-02-02,1.457487724920676
1660,2024-02-02,1.457487724920676
1661,2024-02-02,1.4520221716422648
1662,2024-02-05,1.4513932155457288
1663,2024-02-05,1.4586101754014564
1664,2024-02-05,1.4586101754014564
1665,2024-02-06,1.4600671325874421
1666,2024-02-06,1.4600671325874421
1667,2024-02-06,1.4670398436261654
1668,2024-02-07,1.4619073698353344
1669,2024-02-07,1.4586586245246407
1670,2024-02-07,1.4586586245246407
1671,2024-02-08,1.4614432260195747
1672,2024-02-08,1.4614432260195747
1673,2024-02-08,1.4687239516644688
1674,2024-02-09,1.4666834452460615
1675,2024-02-09,1.4636032575389912
1676,2024-02-09,1.4636032575389912
1677,2024-02-12,1.473069237549756
1678,2024-02-12,1.473069237549756
1679,2024-02-12,1.474552502816279
1680,2024-02-13,1.4732801870410852
1681,2024-02-13,1.4735058886055832
1682,2024-02-13,1.4735058886055832
1683,2024-02-14,1.4796831467938505
1684,2024-02-14,1.4796831467938505
1685,2024-02-14,1.4962295385888629
1686,2024-02-15,1.495546600151465
1687,2024-02-15,1.5032821474233273
1688,2024-02-15,1.5032821474233273
1689,2024-02-16,1.5110465497922485
1690,2024-02-16,1.5110465497922485
1691,2024-02-16,1.5148287349252572
1692,2024-02-19,1.5169273997785302
1693,2024-02-19,1.5240698234498595
1694,2024-02-19,1.5240698234498595
1695,2024-02-20,1.5249639087621438
1696,2024-02-20,1.5249639087621438
1697,2024-02-20,1.530457634310796
1698,2024-02-21,1.5337427177707694
1699,2024-02-21,1.5317395462371453
1700,2024-02-21,1.5317395462371453
1701,2024-02-22,1.5366055108572327
1702,2024-02-22,1.5366055108572327
1703,2024-02-22,1.534939705242311
1704,2024-02-23,1.5366495438311338
1705,2024-02-23,1.5352193011452817
1706,2024-02-23,1.5352193011452817
1707,2024-02-26,1.5376949738964039
1708,2024-02-26,1.5376949738964039
1709,2024-02-26,1.5332266519311604
1710,2024-02-27,1.5337401020026231
1711,2024-02-27,1.5417622671842572
1712,2024-02-27,1.5417622671842572
1713,2024-02-28,1.5431653871482671
1714,2024-02-28,1.5431653871482671
1715,2024-02-28,1.5430264281819177
1716,2024-02-29,1.5413937357632528
1717,2024-02-29,1.5384351756837633
1718,2024-02-29,1.5384351756837633
1719,2024-03-01,1.5436899844609515
1720,2024-03-01,1.5436899844609515
1721,2024-03-01,1.540875148804698
1722,2024-03-04,1.5422774613105072
1723,2024-03-04,1.5479945401895658
1724,2024-03-04,1.5479945401895658
1725,2024-03-05,1.5499341605078778
1726,2024-03-05,1.5499341605078778
1727,2024-03-05,1.5466873522319815
1728,2024-03-06,1.5491213660860157
1729,2024-03-06,1.5433015840823279
1730,2024-03-06,1.5433015840823279
1731,2024-03-07,1.5466855432021667
1732,2024-03-07,1.5466855432021667
1733,2024-03-07,1.542944680805638
1734,2024-03-08,1.5438511756754958
1735,2024-03-08,1.5425960792776916
1736,2024-03-08,1.5425960792776916
1737,2024-03-11,1.5508526466856847
1738,2024-03-11,1.5508526466856847
1739,2024-03-11,1.5538423973937823
1740,2024-03-12,1.560453299220009
1741,2024-03-12,1.5620068372281648
1742,2024-03-12,1.5620068372281648
1743,2024-03-13,1.5629052313383076
1744,2024-03-13,1.5629052313383076
1745,2024-03-13,1.5656068160935384
1746,2024-03-14,1.5629066859339682
1747,2024-03-14,1.5603511651193518
1748,2024-03-14,1.5603511651193518
1749,2024-03-15,1.5672978131867255
1750,2024-03-15,1.5672978131867255
1751,2024-03-15,1.565156778082557
1752,2024-03-18,1.5667354638070665
1753,2024-03-18,1.5686798891237306
1754,2024-03-18,1.5686798891237306
1755,2024-03-19,1.565750402120766
1756,2024-03-19,1.565750402120766
1757,2024-03-19,1.5754429617674264
1758,2024-03-20,1.5739894157641086
1759,2024-03-20,1.5708994554826265
1760,2024-03-20,1.5708994554826265
1761,2024-03-21,1.5796526892294136
1762,2024-03-21,1.5796526892294136
1763,2024-03-21,1.576149044595084
1764,2024-03-22,1.5775737122001847
1765,2024-03-22,1.5786923356232043
1766,2024-03-22,1.5786923356232043
1767,2024-03-25,1.571610744405191
1768,2024-03-25,1.571610744405191
1769,2024-03-25,1.5746248141100354
1770,2024-03-26,1.5778784468880502
1771,2024-03-26,1.585686091797308
1772,2024-03-26,1.585686091797308
1773,2024-03-27,1.5921001047498269
1774,2024-03-27,1.5921001047498269
1775,2024-03-27,1.5943933345704209
1776,2024-03-28,1.5978394523681767
1777,2024-03-28,1.5908888072853737
1778,2024-03-28,1.5908888072853737
1779,2024-04-02,1.59416948586053
1780,2024-04-02,1.59416948586053
1781,2024-04-02,1.5909661403781374
1782,2024-04-03,1.5967081425037253
1783,2024-04-03,1.5994124359735578
1784,2024-04-03,1.5994124359735578
1785,2024-04-04,1.6064181718748256
1786,2024-04-04,1.6064181718748256
1787,2024-04-04,1.610969758988035
1788,2024-04-05,1.606277173046025
1789,2024-04-05,1.6082815948261517
1790,2024-04-05,1.6082815948261517
1791,2024-04-08,1.6160886449888074
1792,2024-04-08,1.6160886449888074
1793,2024-04-08,1.6182245449118087
1794,2024-04-09,1.614549296937922
1795,2024-04-09,1.6144689170219544
1796,2024-04-09,1.6144689170219544
1797,2024-04-10,1.6169945728720911
1798,2024-04-10,1.6169945728720911
1799,2024-04-10,1.6126883040197972
1800,2024-04-11,1.604095922546206
1801,2024-04-11,1.6092285278317076
1802,2024-04-11,1.6092285278317076
1803,2024-04-12,1.6060226713378487
1804,2024-04-12,1.6060226713378487
1805,2024-04-12,1.6026424910889023
1806,2024-04-15,1.6040665675321755
1807,2024-04-15,1.6104599621818914
1808,2024-04-15,1.6104599621818914
1809,2024-04-16,1.6075569844733544
1810,2024-04-16,1.6075569844733544
1811,2024-04-16,1.6072309747041962
1812,2024-04-17,1.6126277174648085
1813,2024-04-17,1.6167205319391034
1814,2024-04-17,1.6167205319391034
1815,2024-04-18,1.624984014707069
1816,2024-04-18,1.624984014707069
1817,2024-04-18,1.6282078249484897
1818,2024-04-19,1.6291756438876965
1819,2024-04-19,1.6250568633135385
1820,2024-04-19,1.6250568633135385
1821,2024-04-22,1.6438470132118708
1822,2024-04-22,1.6438470132118708
1823,2024-04-22,1.6460789509833607
1824,2024-04-23,1.6552455789616216
1825,2024-04-23,1.655910294845694
1826,2024-04-23,1.655910294845694
1827,2024-04-24,1.6593493838548254
1828,2024-04-24,1.6593493838548254
1829,2024-04-24,1.657608508347327
1830,2024-04-25,1.6590878887213991
1831,2024-04-25,1.663360188320572
1832,2024-04-25,1.663360188320572
1833,2024-04-26,1.6665888991179059
1834,2024-04-26,1.6665888991179059
1835,2024-04-26,1.6668008115828203
1836,2024-04-29,1.6628231122293875
1837,2024-04-29,1.6706548214251642
1838,2024-04-29,1.6706548214251642
1839,2024-04-30,1.6745768735579545
1840,2024-04-30,1.6745768735579545
1841,2024-04-30,1.6809233437159246
1842,2024-05-02,1.6832021395859917
1843,2024-05-02,1.6849797355244744
1844,2024-05-02,1.6849797355244744
1845,2024-05-03,1.68545466905381
1846,2024-05-03,1.68545466905381
1847,2024-05-03,1.6812478977299676
1848,2024-05-06,1.6853705701885544
1849,2024-05-06,1.684941293103611
1850,2024-05-06,1.684941293103611
1851,2024-05-07,1.697200454482048
1852,2024-05-07,1.697200454482048
1853,2024-05-07,1.6912409817986807
1854,2024-05-08,1.6907788800552854
1855,2024-05-08,1.6898029510596926
1856,2024-05-08,1.6898029510596926
1857,2024-05-09,1.6752747192268165
1858,2024-05-09,1.6752747192268165
1859,2024-05-09,1.6766720042812868
1860,2024-05-10,1.6779450492992556
1861,2024-05-10,1.6751438476934268
1862,2024-05-10,1.6751438476934268
1863,2024-05-13,1.679165296121224
1864,2024-05-13,1.679165296121224
1865,2024-05-13,1.6850882743177555
1866,2024-05-14,1.6899025955576206
1867,2024-05-14,1.6829085463669855
1868,2024-05-14,1.6829085463669855
1869,2024-05-15,1.6821490856780112
1870,2024-05-15,1.6821490856780112
1871,2024-05-15,1.6799648706740982
1872,2024-05-16,1.6773311273672804
1873,2024-05-16,1.6853998449057022
1874,2024-05-16,1.6853998449057022
1875,2024-05-17,1.698009275374205
1876,2024-05-17,1.698009275374205
1877,2024-05-17,1.7032033540384646
1878,2024-05-20,1.7039840547840162
1879,2024-05-20,1.69674569701649
1880,2024-05-20,1.69674569701649
1881,2024-05-21,1.6979700187036235
1882,2024-05-21,1.6979700187036235
1883,2024-05-21,1.7094839169572715
1884,2024-05-22,1.7074469161689994
1885,2024-05-22,1.7159449531136861
1886,2024-05-22,1.7159449531136861
1887,2024-05-23,1.713578467590509
1888,2024-05-23,1.713578467590509
1889,2024-05-23,1.7133638078873767
1890,2024-05-24,1.7127536050073495
1891,2024-05-24,1.7128068760745156
1892,2024-05-24,1.7128068760745156
1893,2024-05-27,1.7287845978718608
1894,2024-05-27,1.7287845978718608
1895,2024-05-27,1.7377091435567633
1896,2024-05-28,1.7399240926781971
1897,2024-05-28,1.7566195470000632
1898,2024-05-28,1.7566195470000632
1899,2024-05-29,1.7515503375095949
1900,2024-05-29,1.7515503375095949
1901,2024-05-29,1.7552676198071175
1902,2024-05-30,1.7612026052085645
1903,2024-05-30,1.7677765567688173
1904,2024-05-30,1.7677765567688173
1905,2024-05-31,1.7684947928227448
1906,2024-05-31,1.7684947928227448
1907,2024-05-31,1.771782589570138
1908,2024-06-03,1.7733236190896413
1909,2024-06-03,1.7705169370250102
1910,2024-06-03,1.7705169370250102
1911,2024-06-04,1.7597837192075152
1912,2024-06-04,1.7597837192075152
1913,2024-06-04,1.7620959853944576
1914,2024-06-05,1.7608020597476894
1915,2024-06-05,1.7644710630691094
1916,2024-06-05,1.7644710630691094
1917,2024-06-06,1.7765337641873047
1918,2024-06-06,1.7765337641873047
1919,2024-06-06,1.7645761509741802
1920,2024-06-07,1.7659419613877343
1921,2024-06-07,1.7635240391203442
1922,2024-06-07,1.7635240391203442
1923,2024-06-10,1.762625519140574
1924,2024-06-10,1.762625519140574
1925,2024-06-10,1.7676949203127124
1926,2024-06-11,1.7577219534707207
1927,2024-06-11,1.7482832662749943
1928,2024-06-11,1.7482832662749943
1929,2024-06-12,1.7492406295282374
1930,2024-06-12,1.7492406295282374
1931,2024-06-12,1.7553662356289568
1932,2024-06-13,1.7438711035316663
1933,2024-06-13,1.7442223947003272
1934,2024-06-13,1.7442223947003272
1935,2024-06-14,1.736851405276186
1936,2024-06-14,1.736851405276186
1937,2024-06-14,1.7225336977421906
1938,2024-06-17,1.727281182653135
1939,2024-06-17,1.7288319114652562
1940,2024-06-17,1.7288319114652562
1941,2024-06-18,1.7307904892464516
1942,2024-06-18,1.7307904892464516
1943,2024-06-18,1.7127760644624233
1944,2024-06-19,1.7121449227724401
1945,2024-06-19,1.700704984980411
1946,2024-06-19,1.700704984980411
1947,2024-06-20,1.7136954060368883
1948,2024-06-20,1.7136954060368883
1949,2024-06-20,1.7185008238599675
1950,2024-06-21,1.711632517236283
1951,2024-06-21,1.7193354577101898
1952,2024-06-21,1.7193354577101898
